{
  "performanceTargets": {
    "bike": "800",
    "run": "120",
    "row": "150"
  },
  "workouts": [
    {
      "id": 1,
      "date": "2018-9-1",
      "type": "run",
      "distance": 100
    },
    {
      "id": 2,
      "date": "2018-9-2",
      "type": "row",
      "distance": 101
    },
    {
      "id": 3,
      "date": "2018-9-3",
      "type": "bike",
      "distance": 102
    },
    {
      "id": 4,
      "date": "2018-9-4",
      "type": "bike",
      "distance": 103
    },
    {
      "id": 5,
      "date": "2018-9-5",
      "type": "bike",
      "distance": 104
    },
    {
      "id": 6,
      "date": "2018-9-6",
      "type": "bike",
      "distance": 105
    },
    {
      "id": 7,
      "date": "2018-9-7",
      "type": "bike",
      "distance": 106
    },
    {
      "id": 8,
      "date": "2018-9-8",
      "type": "bike",
      "distance": 107
    },
    {
      "id": 9,
      "date": "2018-9-9",
      "type": "bike",
      "distance": 108
    },
    {
      "id": 10,
      "date": "2018-9-10",
      "type": "bike",
      "distance": 109
    },
    {
      "id": 11,
      "date": "2018-9-11",
      "type": "bike",
      "distance": 110
    },
    {
      "id": 12,
      "date": "2018-9-12",
      "type": "bike",
      "distance": 111
    },
    {
      "id": 13,
      "date": "2018-9-13",
      "type": "bike",
      "distance": 112
    },
    {
      "id": 14,
      "date": "2018-9-14",
      "type": "bike",
      "distance": 113
    },
    {
      "id": 15,
      "date": "2018-9-15",
      "type": "bike",
      "distance": 114
    },
    {
      "id": 16,
      "date": "2018-9-16",
      "type": "bike",
      "distance": 115
    },
    {
      "id": 17,
      "date": "2018-9-17",
      "type": "bike",
      "distance": 116
    },
    {
      "id": 18,
      "date": "2018-9-18",
      "type": "bike",
      "distance": 117
    },
    {
      "id": 19,
      "date": "2018-9-19",
      "type": "bike",
      "distance": 118
    },
    {
      "id": 20,
      "date": "2018-9-20",
      "type": "bike",
      "distance": 119
    },
    {
      "id": 21,
      "date": "2018-9-21",
      "type": "bike",
      "distance": 120
    },
    {
      "id": 22,
      "date": "2018-9-22",
      "type": "bike",
      "distance": 121
    },
    {
      "id": 23,
      "date": "2018-9-23",
      "type": "bike",
      "distance": 122
    },
    {
      "id": 24,
      "date": "2018-9-24",
      "type": "bike",
      "distance": 123
    },
    {
      "id": 25,
      "date": "2018-9-25",
      "type": "bike",
      "distance": 124
    },
    {
      "id": 26,
      "date": "2018-9-26",
      "type": "bike",
      "distance": 125
    },
    {
      "id": 27,
      "date": "2018-9-27",
      "type": "bike",
      "distance": 126
    },
    {
      "id": 28,
      "date": "2018-9-28",
      "type": "bike",
      "distance": 127
    },
    {
      "id": 29,
      "date": "2018-9-29",
      "type": "bike",
      "distance": 128
    },
    {
      "id": 30,
      "date": "2018-9-30",
      "type": "bike",
      "distance": 129
    },
    {
      "id": 31,
      "date": "2018-10-1",
      "type": "bike",
      "distance": 130
    },
    {
      "id": 32,
      "date": "2018-10-2",
      "type": "bike",
      "distance": 131
    },
    {
      "id": 33,
      "date": "2018-10-3",
      "type": "bike",
      "distance": 132
    },
    {
      "id": 34,
      "date": "2018-10-4",
      "type": "bike",
      "distance": 133
    },
    {
      "id": 35,
      "date": "2018-10-5",
      "type": "bike",
      "distance": 134
    },
    {
      "id": 36,
      "date": "2018-10-6",
      "type": "bike",
      "distance": 135
    },
    {
      "id": 37,
      "date": "2018-10-7",
      "type": "bike",
      "distance": 136
    },
    {
      "id": 38,
      "date": "2018-10-8",
      "type": "bike",
      "distance": 137
    },
    {
      "id": 39,
      "date": "2018-10-9",
      "type": "bike",
      "distance": 138
    },
    {
      "id": 40,
      "date": "2018-10-10",
      "type": "bike",
      "distance": 139
    },
    {
      "id": 41,
      "date": "2018-10-11",
      "type": "bike",
      "distance": 140
    },
    {
      "id": 42,
      "date": "2018-10-12",
      "type": "bike",
      "distance": 141
    },
    {
      "id": 43,
      "date": "2018-10-13",
      "type": "bike",
      "distance": 142
    },
    {
      "id": 44,
      "date": "2018-10-14",
      "type": "bike",
      "distance": 143
    },
    {
      "id": 45,
      "date": "2018-10-15",
      "type": "bike",
      "distance": 144
    },
    {
      "id": 46,
      "date": "2018-10-16",
      "type": "bike",
      "distance": 145
    },
    {
      "id": 47,
      "date": "2018-10-17",
      "type": "bike",
      "distance": 146
    },
    {
      "id": 48,
      "date": "2018-10-18",
      "type": "bike",
      "distance": 147
    },
    {
      "id": 49,
      "date": "2018-10-19",
      "type": "bike",
      "distance": 148
    },
    {
      "id": 50,
      "date": "2018-10-20",
      "type": "bike",
      "distance": 149
    }
  ],
  "locations": [
    {
      "id": 1,
      "name": "Main gym"
    },
    {
      "id": 2,
      "name": "Home gym"
    },
    {
      "id": 3,
      "name": "Neighborhood 1 mile course"
    },
    {
      "id": 4,
      "name": "Neighborhood 3 mile course"
    },
    {
      "id": 5,
      "name": "Neighborhood 5 mile course"
    },
    {
      "id": 6,
      "name": "Smallville 20 mile course"
    },
    {
      "id": 7,
      "name": "Smallville 25 mile course"
    },
    {
      "id": 8,
      "name": "Smallville 30 mile course"
    }
  ]
}