{
  "performanceTargets": {
    "bike": "1000",
    "run": "500",
    "row": "1500"
  },
  "workouts": [
    {
      "id": 1,
      "date": "2018-8-4",
      "type": "bike",
      "distance": "101",
      "rating": null,
      "location": "Pune1"
    },
    {
      "id": 2,
      "date": "2018-8-5",
      "type": "row",
      "distance": 200
    },
    {
      "type": "bike",
      "date": "2018-8-6",
      "distance": "200",
      "id": 4
    },
    {
      "type": "run",
      "date": "2018-8-31",
      "distance": "120",
      "id": 5,
      "rating": null
    },
    {
      "type": "row",
      "date": "2018-8-30",
      "distance": "700",
      "id": 6,
      "rating": null
    },
    {
      "date": "2018-9-21",
      "distance": "21",
      "id": 7,
      "type": "run"
    },
    {
      "rating": null,
      "type": "run",
      "date": "2018-9-1",
      "distance": "2000",
      "id": 8
    },
    {
      "rating": null,
      "type": "bike",
      "date": "2018-11-24",
      "time": {
        "hour": 22,
        "minute": 45,
        "second": 0
      },
      "distance": "5",
      "id": 9,
      "location": "Galatga"
    },
    {
      "rating": 3,
      "time": {
        "hour": 5,
        "minute": 45,
        "second": 0
      },
      "type": "run",
      "date": "2018-4-21",
      "distance": "856",
      "location": "Neighborhood 3 mile course",
      "id": 10
    }
  ],
  "locations": [
    {
      "id": 1,
      "name": "Main gym"
    },
    {
      "id": 2,
      "name": "Home gym"
    },
    {
      "id": 3,
      "name": "Neighborhood 1 mile course"
    },
    {
      "id": 4,
      "name": "Neighborhood 3 mile course"
    },
    {
      "id": 5,
      "name": "Neighborhood 5 mile course"
    },
    {
      "id": 6,
      "name": "Smallville 20 mile course"
    },
    {
      "id": 7,
      "name": "Smallville 25 mile course"
    },
    {
      "id": 8,
      "name": "Smallville 30 mile course"
    }
  ]
}