[
    {
        "dist_no": "12",
        "dist_name": "Anantapur",
        "ST_CODE": "S01"
    },
    {
        "dist_no": "13",
        "dist_name": "Chittoor",
        "ST_CODE": "S01"
    },
    {
        "dist_no": "4",
        "dist_name": "East Godavari",
        "ST_CODE": "S01"
    },
    {
        "dist_no": "7",
        "dist_name": "Guntur",
        "ST_CODE": "S01"
    },
    {
        "dist_no": "10",
        "dist_name": "Kadapa",
        "ST_CODE": "S01"
    },
    {
        "dist_no": "6",
        "dist_name": "Krishna",
        "ST_CODE": "S01"
    },
    {
        "dist_no": "14",
        "dist_name": "ANJAW",
        "ST_CODE": "S02"
    },
    {
        "dist_no": "15",
        "dist_name": "CHANGLANG",
        "ST_CODE": "S02"
    }
]