[
   {
      "deleted":0,
      "vm_id":3527,
      "template_id":0,
      "vm_name":"soninew1",
      "vm_state":6,
      "is_active":0,
      "ip_address_public":"[]",
      "ip_address_private":"172.16.215.72",
      "cdp_enabled":0,
      "agent_id":null,
      "created_at":"2019-03-13T11:36:53.196Z",
      "updated_at":"2019-03-13T11:42:19.760Z",
      "last_backup_time":null,
      "customer_id":398,
      "id":2756
   },
   {
      "deleted":0,
      "vm_id":3528,
      "template_id":0,
      "vm_name":"soninew1",
      "vm_state":6,
      "is_active":0,
      "ip_address_public":"[]",
      "ip_address_private":"172.16.215.76",
      "cdp_enabled":0,
      "agent_id":null,
      "created_at":"2019-03-13T11:38:48.102Z",
      "updated_at":"2019-03-13T11:42:10.114Z",
      "last_backup_time":null,
      "customer_id":398,
      "id":2757
   },
   {
      "deleted":0,
      "vm_id":3530,
      "template_id":0,
      "vm_name":"soninew2",
      "vm_state":1,
      "is_active":1,
      "ip_address_public":"[]",
      "ip_address_private":"172.16.215.136",
      "cdp_enabled":0,
      "agent_id":null,
      "created_at":"2019-03-13T11:53:20.776Z",
      "updated_at":"2019-03-13T11:53:20.776Z",
      "last_backup_time":null,
      "customer_id":398,
      "id":2758
   },
   {
      "deleted":0,
      "vm_id":3531,
      "template_id":1,
      "vm_name":"tally",
      "vm_state":3,
      "is_active":1,
      "ip_address_public":"101.53.147.241",
      "ip_address_private":"172.16.215.72",
      "cdp_enabled":0,
      "agent_id":null,
      "created_at":"2019-03-13T11:55:15.575Z",
      "updated_at":"2019-03-13T11:56:27.002Z",
      "last_backup_time":null,
      "customer_id":587,
      "id":2759
   },
   {
      "deleted":0,
      "vm_id":3532,
      "template_id":403,
      "vm_name":"tally",
      "vm_state":6,
      "is_active":0,
      "ip_address_public":"101.53.147.242",
      "ip_address_private":"172.16.215.73",
      "cdp_enabled":0,
      "agent_id":null,
      "created_at":"2019-03-13T12:20:00.898Z",
      "updated_at":"2019-03-13T12:22:01.020Z",
      "last_backup_time":null,
      "customer_id":587,
      "id":2760
   },
   {
      "deleted":0,
      "vm_id":3533,
      "template_id":0,
      "vm_name":"soninew2",
      "vm_state":1,
      "is_active":1,
      "ip_address_public":"[]",
      "ip_address_private":"172.16.215.73",
      "cdp_enabled":0,
      "agent_id":null,
      "created_at":"2019-03-13T12:22:04.151Z",
      "updated_at":"2019-03-13T12:22:04.151Z",
      "last_backup_time":null,
      "customer_id":398,
      "id":2761
   },
   {
      "deleted":0,
      "vm_id":3534,
      "template_id":403,
      "vm_name":"Tally",
      "vm_state":6,
      "is_active":0,
      "ip_address_public":"101.53.147.242",
      "ip_address_private":"172.16.215.82",
      "cdp_enabled":0,
      "agent_id":null,
      "created_at":"2019-03-13T12:22:21.246Z",
      "updated_at":"2019-03-13T12:37:29.892Z",
      "last_backup_time":null,
      "customer_id":587,
      "id":2762
   }
]