{
  "customers": [
    {
      "id": "1",
      "firstName": "Jonathan",
      "lastName": "Garvey",
      "email": "jon@gmail.coms",
      "phone": "1234567890",
      "title": "Technical Lead",
      "status": 1
    },
    {
      "id": "2",
      "firstName": "Bob",
      "lastName": "Jones",
      "email": "bob@bobjones.com",
      "phone": "9372932391",
      "title": "CEO",
      "status": 2
    },
    {
      "id": "3",
      "firstName": "Lukas",
      "lastName": "Ruebbelke",
      "email": "hey.player@gmail.com",
      "phone": "9876543212",
      "title": "CEO",
      "status": 1
    },
    {
      "id": "4",
      "firstName": "Sally",
      "lastName": "McBride",
      "email": "silly.sally@hotmail.com",
      "phone": "3252352531",
      "title": "Receptionist",
      "status": 3
    },
    {
      "id": "5",
      "firstName": "Donna",
      "lastName": "Barkley",
      "email": "donnab@aol.com",
      "phone": "0192837475",
      "title": "Student",
      "status": 4
    },
    {
      "id": "6",
      "firstName": "Larry",
      "lastName": "Fitzgerald",
      "email": "super.secret@gmail.com",
      "phone": "1234432122",
      "title": "Quarterback",
      "status": 4
    },
    {
      "id": "7",
      "firstName": "Victor",
      "lastName": "Wooten",
      "email": "w00t@victor.com",
      "phone": "1888333992",
      "title": "Bassist",
      "status": 1
    },
    {
      "id": "8",
      "firstName": "Chris",
      "lastName": "Take",
      "email": "crispy@gmail.com",
      "phone": "9927381924",
      "title": "Developer",
      "status": 1
    },
    {
      "id": "9",
      "firstName": "Christian",
      "lastName": "Peterson",
      "email": "cp3@lol.com",
      "phone": "0099831234",
      "title": "Handyman",
      "status": 3
    },
    {
      "id": "10",
      "firstName": "RIP",
      "lastName": "Stick",
      "email": "r.i.p@deadly.com",
      "phone": "6123512311",
      "title": "Grim Reaper",
      "status": 2
    }
  ],
  "projects": [
    {
      "id": "1",
      "title": "Project HOLLA!",
      "details": "This is a sample project",
      "percentComplete": 20,
      "approved": false,
      "startDate": null,
      "targetDate": null,
      "completionDate": null,
      "customerId": "1"
    },
    {
      "id": "2",
      "title": "Project Two AAAAA",
      "details": "This is a sample project",
      "percentComplete": 71,
      "approved": true,
      "startDate": null,
      "targetDate": null,
      "completionDate": null,
      "customerId": "3"
    },
    {
      "id": "NaLriMg",
      "title": "TEST Project!",
      "details": "TEST",
      "percentComplete": 89,
      "approved": true
    },
    {
      "id": "3",
      "title": "Mumtaz Ahmad ",
      "details": "M Details by UI",
      "percentComplete": 89,
      "approved": true
    }
  ],
    "teams": [
      {
        "id": 19000000047684,
        "username": "mask@markit.com",
        "email": "mask@markit.com",
        "firstName": "ISDA",
        "lastName": "B",
        "companyType": "SS",
        "companyId": 19000000018125,
        "enabled": false,
        "accountNonExpired": false,
        "accountNonLocked": false,
        "credentialsNonExpired": false,
        "ticketID": null
      },
      {
        "id": 65000000004468,
        "username": "aparna.sellside@yahoo.com",
        "email": "test@ihsmarkit.com",
        "firstName": "Aparna",
        "lastName": "Sellside",
        "companyType": "SS",
        "companyId": 19000000018125,
        "enabled": false,
        "accountNonExpired": false,
        "accountNonLocked": false,
        "credentialsNonExpired": false,
        "ticketID": null
      },
      {
        "id": 65000000008481,
        "username": "kumar.sonu@ihsmarkit.com",
        "email": "kumar.sonu@ihsmarkit.com",
        "firstName": "kumar",
        "lastName": "sonu",
        "companyType": "SS",
        "companyId": 19000000018125,
        "enabled": false,
        "accountNonExpired": false,
        "accountNonLocked": false,
        "credentialsNonExpired": false,
        "ticketID": null
      },
      {
        "id": 65000000041729,
        "username": "gourav.nahata@markit.com",
        "email": "gourav.nahata@ihsmarkit.com",
        "firstName": "Gourav",
        "lastName": "Nahata",
        "companyType": "SS",
        "companyId": 19000000018125,
        "enabled": false,
        "accountNonExpired": false,
        "accountNonLocked": false,
        "credentialsNonExpired": false,
        "ticketID": null
      },
      {
        "id": 65000000042495,
        "username": "zachary.weinstein@kyc.com",
        "email": "zachary.weinstein@kyc.com",
        "firstName": "Zachary",
        "lastName": "Weinstein",
        "companyType": "SS",
        "companyId": 19000000018125,
        "enabled": false,
        "accountNonExpired": false,
        "accountNonLocked": false,
        "credentialsNonExpired": false,
        "ticketID": null
      },
      {
        "id": 65000000043491,
        "username": "Isha.jain@ihsmarkit.com",
        "email": "isha.jain@ihsmarkit.com",
        "firstName": "isha",
        "lastName": "Jain",
        "companyType": "SS",
        "companyId": 19000000018125,
        "enabled": false,
        "accountNonExpired": false,
        "accountNonLocked": false,
        "credentialsNonExpired": false,
        "ticketID": null
      },
      {
        "id": 65000000043751,
        "username": "mask@markit.com",
        "email": "mask@markit.com",
        "firstName": "Eggbert",
        "lastName": "Peterson",
        "companyType": "SS",
        "companyId": 19000000018125,
        "enabled": false,
        "accountNonExpired": false,
        "accountNonLocked": false,
        "credentialsNonExpired": false,
        "ticketID": null
      },
      {
        "id": 65000000044849,
        "username": "mask@markit.com",
        "email": "mask@markit.com",
        "firstName": "13Nov2015",
        "lastName": "Ss",
        "companyType": "SS",
        "companyId": 19000000018125,
        "enabled": false,
        "accountNonExpired": false,
        "accountNonLocked": false,
        "credentialsNonExpired": false,
        "ticketID": null
      },
      {
        "id": 65000000044851,
        "username": "nov132015ss1@gmail.com",
        "email": "faizan.zameer@markit.com",
        "firstName": "ss1",
        "lastName": "nov132015ss1",
        "companyType": "SS",
        "companyId": 19000000018125,
        "enabled": false,
        "accountNonExpired": false,
        "accountNonLocked": false,
        "credentialsNonExpired": false,
        "ticketID": null
      },
      {
        "id": 65000000044853,
        "username": "mask@markit.com",
        "email": "mask@markit.com",
        "firstName": "ss2",
        "lastName": "nov132015ss2",
        "companyType": "SS",
        "companyId": 19000000018125,
        "enabled": false,
        "accountNonExpired": false,
        "accountNonLocked": false,
        "credentialsNonExpired": false,
        "ticketID": null
      },
      {
        "id": 65000000046650,
        "username": "mask@markit.com",
        "email": "mask@markit.com",
        "firstName": "Test",
        "lastName": "McTest",
        "companyType": "SS",
        "companyId": 19000000018125,
        "enabled": false,
        "accountNonExpired": false,
        "accountNonLocked": false,
        "credentialsNonExpired": false,
        "ticketID": null
      },
      {
        "id": 65000000046749,
        "username": "testth13@ihsmarkit.com",
        "email": "testth13@ihsmarkit.com",
        "firstName": "test",
        "lastName": "th13",
        "companyType": "SS",
        "companyId": 19000000018125,
        "enabled": false,
        "accountNonExpired": false,
        "accountNonLocked": false,
        "credentialsNonExpired": false,
        "ticketID": null
      },
      {
        "id": 65000000046848,
        "username": "mask@markit.com",
        "email": "mask@markit.com",
        "firstName": "sfcemailbs",
        "lastName": "123",
        "companyType": "SS",
        "companyId": 19000000018125,
        "enabled": false,
        "accountNonExpired": false,
        "accountNonLocked": false,
        "credentialsNonExpired": false,
        "ticketID": null
      },
      {
        "id": 65000000047207,
        "username": "api_testuser@ihsmarkit.com",
        "email": "api_testuser@ihsmarkit.com",
        "firstName": "API",
        "lastName": "Test",
        "companyType": "SS",
        "companyId": 19000000018125,
        "enabled": false,
        "accountNonExpired": false,
        "accountNonLocked": false,
        "credentialsNonExpired": false,
        "ticketID": null
      },
      {
        "id": 65000000047817,
        "username": "test.user@markit.com",
        "email": "test.user@markit.com",
        "firstName": "Test",
        "lastName": "User",
        "companyType": "SS",
        "companyId": 19000000018125,
        "enabled": false,
        "accountNonExpired": false,
        "accountNonLocked": false,
        "credentialsNonExpired": false,
        "ticketID": null
      },
      {
        "id": 65000000048381,
        "username": "shivangi.saroha@ihsmarkit.com",
        "email": "shivangi.saroha@ihsmarkit.com",
        "firstName": "Shivangi",
        "lastName": "Saroha",
        "companyType": "SS",
        "companyId": 19000000018125,
        "enabled": false,
        "accountNonExpired": false,
        "accountNonLocked": false,
        "credentialsNonExpired": false,
        "ticketID": null
      },
      {
        "id": 65000000048471,
        "username": "ssjmp@ihsmarkit.com",
        "email": "ssjmp@ihsmarkit.com",
        "firstName": "ss",
        "lastName": "jmp",
        "companyType": "SS",
        "companyId": 19000000018125,
        "enabled": false,
        "accountNonExpired": false,
        "accountNonLocked": false,
        "credentialsNonExpired": false,
        "ticketID": null
      },
      {
        "id": 65000000049161,
        "username": "mask@markit.com",
        "email": "mask@markit.com",
        "firstName": "a",
        "lastName": "s",
        "companyType": "SS",
        "companyId": 19000000018125,
        "enabled": false,
        "accountNonExpired": false,
        "accountNonLocked": false,
        "credentialsNonExpired": false,
        "ticketID": null
      },
      {
        "id": 65000000049162,
        "username": "mask@markit.com",
        "email": "mask@markit.com",
        "firstName": "test",
        "lastName": "user1",
        "companyType": "SS",
        "companyId": 19000000018125,
        "enabled": false,
        "accountNonExpired": false,
        "accountNonLocked": false,
        "credentialsNonExpired": false,
        "ticketID": null
      },
      {
        "id": 65000000049163,
        "username": "isdagouravtest@ihsmarkit.com",
        "email": "isdagouravtest@ihsmarkit.com",
        "firstName": "test",
        "lastName": "isda",
        "companyType": "SS",
        "companyId": 19000000018125,
        "enabled": false,
        "accountNonExpired": false,
        "accountNonLocked": false,
        "credentialsNonExpired": false,
        "ticketID": null
      },
      {
        "id": 65000000055297,
        "username": "david.kant@ihsmarkit.com",
        "email": "david.kant@ihsmarkit.com",
        "firstName": "David",
        "lastName": "Kant",
        "companyType": "SS",
        "companyId": 19000000018125,
        "enabled": false,
        "accountNonExpired": false,
        "accountNonLocked": false,
        "credentialsNonExpired": false,
        "ticketID": null
      }
    ]
}