{
    "data": [
        {
            "ram": 4,
            "name": "A.4GB.Ubuntu14",
            "minimum_billing": {
                "contains": false
            },
            "type_name": "Ubuntu-14.04",
            "id": "274",
            "type": "Distro",
            "cpu": 2,
            "family": "Compute Intensive"
        },
        {
            "ram": 6,
            "name": "B.6GB.Ubuntu14",
            "minimum_billing": {
                "contains": false
            },
            "type_name": "Ubuntu-14.04",
            "id": "124",
            "type": "Distro",
            "cpu": 1,
            "family": "Compute Intensive"
        },
        {
            "ram": 6,
            "name": "B.6.1GB.Ubuntu14",
            "minimum_billing": {
                "contains": false
            },
            "type_name": "Ubuntu-14.04",
            "id": "158",
            "type": "Distro",
            "cpu": 2,
            "family": "Compute Intensive"
        },
        {
            "ram": 6,
            "name": "A.6GB.Ubuntu14",
            "minimum_billing": {
                "contains": false
            },
            "type_name": "Ubuntu-14.04",
            "id": "275",
            "type": "Distro",
            "cpu": 3,
            "family": "Memory Intensive"
        },
        {
            "ram": 8,
            "name": "B.8GB-Ubuntu14",
            "minimum_billing": {
                "contains": false
            },
            "type_name": "Ubuntu-14.04",
            "id": "125",
            "type": "Distro",
            "cpu": 2,
            "family": "Memory Intensive"
        },
        {
            "ram": 9,
            "name": "A.9GB.Ubuntu14",
            "minimum_billing": {
                "contains": false
            },
            "type_name": "Ubuntu-14.04",
            "id": "276",
            "type": "Distro",
            "cpu": 5,
            "family": "Storage Intensive"
        },
        {
            "ram": 10,
            "name": "C.10GB-Ubuntu14",
            "minimum_billing": {
                "contains": false
            },
            "type_name": "Ubuntu-14.04",
            "id": "944",
            "type": "Distro",
            "cpu": 4,
            "family": "Memory Intensive"
        },
        {
            "ram": 15,
            "name": "C.15GB-Ubuntu14",
            "minimum_billing": {
                "contains": false
            },
            "type_name": "Ubuntu-14.04",
            "id": "945",
            "type": "Distro",
            "cpu": 6,
            "family": "Memory Intensive"
        },
        {
            "ram": 15,
            "name": "B.15GB-Ubuntu14",
            "minimum_billing": {
                "contains": false
            },
            "type_name": "Ubuntu-14.04",
            "id": "126",
            "type": "Distro",
            "cpu": 4,
            "family": "Storage Intensive"
        },
        {
            "ram": 19,
            "name": "A.19GB.Ubuntu14",
            "minimum_billing": {
                "contains": false
            },
            "type_name": "Ubuntu-14.04",
            "id": "277",
            "type": "Distro",
            "cpu": 7,
            "family": "Storage Intensive"
        },
        {
            "ram": 30,
            "name": "C.30GB-Ubuntu14",
            "minimum_billing": {
                "contains": false
            },
            "type_name": "Ubuntu-14.04",
            "id": "946",
            "type": "Distro",
            "cpu": 9,
            "family": "Smart Dedicated and GPU"
        },
        {
            "ram": 40,
            "name": "C.40GB-Ubuntu14",
            "minimum_billing": {
                "contains": false
            },
            "type_name": "Ubuntu-14.04",
            "id": "947",
            "type": "Distro",
            "cpu": 13,
            "family": "Smart Dedicated and GPU"
        },
        {
            "ram": 60,
            "name": "C.60GB-Ubuntu14",
            "minimum_billing": {
                "contains": false
            },
            "type_name": "Ubuntu-14.04",
            "id": "948",
            "type": "Distro",
            "cpu": 20,
            "family": "Smart Dedicated and GPU"
        },
        {
            "ram": 90,
            "name": "C.90GB-Ubuntu14",
            "minimum_billing": {
                "contains": false
            },
            "type_name": "Ubuntu-14.04",
            "id": "949",
            "type": "Distro",
            "cpu": 27,
            "family": "Smart Appliances"
        },
        {
            "ram": 120,
            "name": "C.120GB-Ubuntu14",
            "minimum_billing": {
                "contains": false
            },
            "type_name": "Ubuntu-14.04",
            "id": "950",
            "type": "Distro",
            "cpu": 36,
            "family": "Smart Appliances"
        },
        {
            "ram": 1800,
            "name": "C.180GB-Ubuntu14",
            "minimum_billing": {
                "contains": false
            },
            "type_name": "Ubuntu-14.04",
            "id": "952",
            "type": "Distro",
            "cpu": 48,
            "family": "Smart Appliances"
        },
        {
            "ram": 2400,
            "name": "C.240GB-Ubuntu14",
            "minimum_billing": {
                "contains": false
            },
            "type_name": "Ubuntu-14.04",
            "id": "951",
            "type": "Distro",
            "cpu": 64,
            "family": "Smart Appliances"
        },
        {
            "ram": 3600,
            "name": "C.360GB-Ubuntu14",
            "minimum_billing": {
                "contains": false
            },
            "type_name": "Ubuntu-14.04",
            "id": "953",
            "type": "Distro",
            "cpu": 72
        },
        {
            "ram": 4,
            "name": "A.4GB.Ubuntu16.04",
            "minimum_billing": {
                "contains": false
            },
            "type_name": "Ubuntu-16.04",
            "id": "447",
            "type": "Distro",
            "cpu": 2
        },
        {
            "ram": 6,
            "name": "B.6GB.Ubuntu16.04",
            "minimum_billing": {
                "contains": false
            },
            "type_name": "Ubuntu-16.04",
            "id": "296",
            "type": "Distro",
            "cpu": 1
        },
        {
            "ram": 6,
            "name": "B.6.1GB.Ubuntu16.04",
            "minimum_billing": {
                "contains": false
            },
            "type_name": "Ubuntu-16.04",
            "id": "304",
            "type": "Distro",
            "cpu": 2
        },
        {
            "ram": 6,
            "name": "A.6GB.Ubuntu16.04",
            "minimum_billing": {
                "contains": false
            },
            "type_name": "Ubuntu-16.04",
            "id": "448",
            "type": "Distro",
            "cpu": 3
        },
        {
            "ram": 8,
            "name": "B.8GB-Ubuntu16.04",
            "minimum_billing": {
                "contains": false
            },
            "type_name": "Ubuntu-16.04",
            "id": "298",
            "type": "Distro",
            "cpu": 2
        },
        {
            "ram": 9,
            "name": "A.9GB.Ubuntu16.04",
            "minimum_billing": {
                "contains": false
            },
            "type_name": "Ubuntu-16.04",
            "id": "449",
            "type": "Distro",
            "cpu": 5
        },
        {
            "ram": 10,
            "name": "D.10GB-Ubuntu-16.04",
            "minimum_billing": {
                "contains": false
            },
            "type_name": "Ubuntu-16.04",
            "id": "1675",
            "type": "Distro",
            "cpu": 2
        },
        {
            "ram": 10,
            "name": "C.10GB-Ubuntu16.04",
            "minimum_billing": {
                "contains": false
            },
            "type_name": "Ubuntu-16.04",
            "id": "954",
            "type": "Distro",
            "cpu": 4
        },
        {
            "ram": 15,
            "name": "C.15GB-Ubuntu16.04",
            "minimum_billing": {
                "contains": false
            },
            "type_name": "Ubuntu-16.04",
            "id": "955",
            "type": "Distro",
            "cpu": 6
        },
        {
            "ram": 15,
            "name": "B.15GB-Ubuntu16.04",
            "minimum_billing": {
                "contains": false
            },
            "type_name": "Ubuntu-16.04",
            "id": "297",
            "type": "Distro",
            "cpu": 4
        },
        {
            "ram": 19,
            "name": "A.19GB.Ubuntu16.04",
            "minimum_billing": {
                "contains": false
            },
            "type_name": "Ubuntu-16.04",
            "id": "446",
            "type": "Distro",
            "cpu": 7
        },
        {
            "ram": 20,
            "name": "D.20GB-Ubuntu-16.04",
            "minimum_billing": {
                "contains": false
            },
            "type_name": "Ubuntu-16.04",
            "id": "1672",
            "type": "Distro",
            "cpu": 4
        },
        {
            "ram": 27,
            "name": "A.27GB.Ubuntu16.04",
            "minimum_billing": {
                "contains": false
            },
            "type_name": "Ubuntu-16.04",
            "id": "450",
            "type": "Distro",
            "cpu": 9
        },
        {
            "ram": 30,
            "name": "SD8-1.30GB-Ubuntu-16.04",
            "minimum_billing": {
                "contains": false
            },
            "type_name": "Ubuntu-16.04",
            "id": "1842",
            "type": "Distro",
            "cpu": 8
        },
        {
            "ram": 30,
            "name": "M.30GB-Ubuntu-16.04",
            "minimum_billing": {
                "contains": false
            },
            "type_name": "Ubuntu-16.04",
            "id": "2385",
            "type": "Distro",
            "cpu": 4
        },
        {
            "ram": 30,
            "name": "C.30GB-Ubuntu16.04",
            "minimum_billing": {
                "contains": false
            },
            "type_name": "Ubuntu-16.04",
            "id": "956",
            "type": "Distro",
            "cpu": 9
        },
        {
            "ram": 40,
            "name": "D.40GB-Ubuntu-16.04",
            "minimum_billing": {
                "contains": false
            },
            "type_name": "Ubuntu-16.04",
            "id": "1671",
            "type": "Distro",
            "cpu": 6
        },
        {
            "ram": 40,
            "name": "C.40GB-Ubuntu16.04",
            "minimum_billing": {
                "contains": false
            },
            "type_name": "Ubuntu-16.04",
            "id": "957",
            "type": "Distro",
            "cpu": 13
        },
        {
            "ram": 60,
            "name": "SD12-1.60GB-Ubuntu-16.04",
            "minimum_billing": {
                "contains": false
            },
            "type_name": "Ubuntu-16.04",
            "id": "1943",
            "type": "Distro",
            "cpu": 12
        },
        {
            "ram": 60,
            "name": "M.60GB-Ubuntu-16.04",
            "minimum_billing": {
                "contains": false
            },
            "type_name": "Ubuntu-16.04",
            "id": "2309",
            "type": "Distro",
            "cpu": 12
        },
        {
            "ram": 60,
            "name": "D.60GB-Ubuntu-16.04",
            "minimum_billing": {
                "contains": false
            },
            "type_name": "Ubuntu-16.04",
            "id": "1676",
            "type": "Distro",
            "cpu": 8
        },
        {
            "ram": 60,
            "name": "C.60GB-Ubuntu16.04",
            "minimum_billing": {
                "contains": false
            },
            "type_name": "Ubuntu-16.04",
            "id": "958",
            "type": "Distro",
            "cpu": 20
        },
        {
            "ram": 90,
            "name": "M.90GB-Ubuntu-16.04",
            "minimum_billing": {
                "contains": false
            },
            "type_name": "Ubuntu-16.04",
            "id": "2390",
            "type": "Distro",
            "cpu": 15
        },
        {
            "ram": 90,
            "name": "D.90GB-Ubuntu-16.04",
            "minimum_billing": {
                "contains": false
            },
            "type_name": "Ubuntu-16.04",
            "id": "1673",
            "type": "Distro",
            "cpu": 10
        },
        {
            "ram": 90,
            "name": "C.90GB-Ubuntu16.04",
            "minimum_billing": {
                "contains": false
            },
            "type_name": "Ubuntu-16.04",
            "id": "959",
            "type": "Distro",
            "cpu": 27
        },
        {
            "ram": 120,
            "name": "SD12-2.120GB-Ubuntu-16.04",
            "minimum_billing": {
                "contains": false
            },
            "type_name": "Ubuntu-16.04",
            "id": "1844",
            "type": "Distro",
            "cpu": 12
        },
        {
            "ram": 120,
            "name": "M.120GB-Ubuntu-16.04",
            "minimum_billing": {
                "contains": false
            },
            "type_name": "Ubuntu-16.04",
            "id": "2313",
            "type": "Distro",
            "cpu": 18
        },
        {
            "ram": 120,
            "name": "D.120GB-Ubuntu-16.04",
            "minimum_billing": {
                "contains": false
            },
            "type_name": "Ubuntu-16.04",
            "id": "1674",
            "type": "Distro",
            "cpu": 12
        },
        {
            "ram": 120,
            "name": "C.120GB-Ubuntu16.04",
            "minimum_billing": {
                "contains": false
            },
            "type_name": "Ubuntu-16.04",
            "id": "960",
            "type": "Distro",
            "cpu": 36
        },
        {
            "ram": 180,
            "name": "M.180GB-Ubuntu-16.04",
            "minimum_billing": {
                "contains": false
            },
            "type_name": "Ubuntu-16.04",
            "id": "2314",
            "type": "Distro",
            "cpu": 24
        },
        {
            "ram": 180,
            "name": "C.180GB-Ubuntu16.04",
            "minimum_billing": {
                "contains": false
            },
            "type_name": "Ubuntu-16.04",
            "id": "961",
            "type": "Distro",
            "cpu": 48
        },
        {
            "ram": 240,
            "name": "M.240GB-Ubuntu-16.04",
            "minimum_billing": {
                "contains": false
            },
            "type_name": "Ubuntu-16.04",
            "id": "2315",
            "type": "Distro",
            "cpu": 32
        },
        {
            "ram": 4,
            "name": "A.4GB.Ubuntu18.04",
            "minimum_billing": {
                "contains": false
            },
            "type_name": "Ubuntu-18.04",
            "id": "1320",
            "type": "Distro",
            "cpu": 2
        },
        {
            "ram": 6,
            "name": "B.6GB.Ubuntu18.04",
            "minimum_billing": {
                "contains": false
            },
            "type_name": "Ubuntu-18.04",
            "id": "1330",
            "type": "Distro",
            "cpu": 1
        },
        {
            "ram": 6,
            "name": "B.6.1GB.Ubuntu18.04",
            "minimum_billing": {
                "contains": false
            },
            "type_name": "Ubuntu-18.04",
            "id": "1331",
            "type": "Distro",
            "cpu": 2
        },
        {
            "ram": 6,
            "name": "A.6GB.Ubuntu18.04",
            "minimum_billing": {
                "contains": false
            },
            "type_name": "Ubuntu-18.04",
            "id": "1321",
            "type": "Distro",
            "cpu": 3
        },
        {
            "ram": 8,
            "name": "B.8GB-Ubuntu18.04",
            "minimum_billing": {
                "contains": false
            },
            "type_name": "Ubuntu-18.04",
            "id": "1332",
            "type": "Distro",
            "cpu": 2
        },
        {
            "ram": 9,
            "name": "A.9GB.Ubuntu18.04",
            "minimum_billing": {
                "contains": false
            },
            "type_name": "Ubuntu-18.04",
            "id": "1322",
            "type": "Distro",
            "cpu": 5
        },
        {
            "ram": 10,
            "name": "D.10GB-Ubuntu-18.04",
            "minimum_billing": {
                "contains": false
            },
            "type_name": "Ubuntu-18.04",
            "id": "1665",
            "type": "Distro",
            "cpu": 2
        },
        {
            "ram": 10,
            "name": "C.10GB-Ubuntu18.04",
            "minimum_billing": {
                "contains": false
            },
            "type_name": "Ubuntu-18.04",
            "id": "1339",
            "type": "Distro",
            "cpu": 4
        },
        {
            "ram": 15,
            "name": "C.15GB-Ubuntu18.04",
            "minimum_billing": {
                "contains": false
            },
            "type_name": "Ubuntu-18.04",
            "id": "1340",
            "type": "Distro",
            "cpu": 6
        },
        {
            "ram": 15,
            "name": "B.15GB-Ubuntu18.04",
            "minimum_billing": {
                "contains": false
            },
            "type_name": "Ubuntu-18.04",
            "id": "1333",
            "type": "Distro",
            "cpu": 4
        },
        {
            "ram": 19,
            "name": "A.19GB.Ubuntu18.04",
            "minimum_billing": {
                "contains": false
            },
            "type_name": "Ubuntu-18.04",
            "id": "1323",
            "type": "Distro",
            "cpu": 7
        },
        {
            "ram": 20,
            "name": "D.20GB-Ubuntu-18.04",
            "minimum_billing": {
                "contains": false
            },
            "type_name": "Ubuntu-18.04",
            "id": "1668",
            "type": "Distro",
            "cpu": 4
        },
        {
            "ram": 27,
            "name": "A.27GB.Ubuntu18.04",
            "minimum_billing": {
                "contains": false
            },
            "type_name": "Ubuntu-18.04",
            "id": "1324",
            "type": "Distro",
            "cpu": 9
        },
        {
            "ram": 30,
            "name": "SD8-1.30GB-Ubuntu-18.04",
            "minimum_billing": {
                "contains": false
            },
            "type_name": "Ubuntu-18.04",
            "id": "1806",
            "type": "Distro",
            "cpu": 8
        },
        {
            "ram": 30,
            "name": "M.30GB-Ubuntu-18.04",
            "minimum_billing": {
                "contains": false
            },
            "type_name": "Ubuntu-18.04",
            "id": "2384",
            "type": "Distro",
            "cpu": 4
        },
        {
            "ram": 30,
            "name": "C.30GB-Ubuntu18.04",
            "minimum_billing": {
                "contains": false
            },
            "type_name": "Ubuntu-18.04",
            "id": "1341",
            "type": "Distro",
            "cpu": 9
        },
        {
            "ram": 40,
            "name": "D.40GB-Ubuntu-18.04",
            "minimum_billing": {
                "contains": false
            },
            "type_name": "Ubuntu-18.04",
            "id": "1669",
            "type": "Distro",
            "cpu": 6
        },
        {
            "ram": 40,
            "name": "C.40GB-Ubuntu18.04",
            "minimum_billing": {
                "contains": false
            },
            "type_name": "Ubuntu-18.04",
            "id": "1342",
            "type": "Distro",
            "cpu": 13
        },
        {
            "ram": 60,
            "name": "SD12-1.60GB-Ubuntu-18.04",
            "minimum_billing": {
                "contains": false
            },
            "type_name": "Ubuntu-18.04",
            "id": "1944",
            "type": "Distro",
            "cpu": 12
        },
        {
            "ram": 60,
            "name": "M.60GB-Ubuntu-18.04",
            "minimum_billing": {
                "contains": false
            },
            "type_name": "Ubuntu-18.04",
            "id": "2305",
            "type": "Distro",
            "cpu": 12
        },
        {
            "ram": 60,
            "name": "D.60GB-Ubuntu-18.04",
            "minimum_billing": {
                "contains": false
            },
            "type_name": "Ubuntu-18.04",
            "id": "1670",
            "type": "Distro",
            "cpu": 8
        },
        {
            "ram": 60,
            "name": "C.60GB-Ubuntu18.04",
            "minimum_billing": {
                "contains": false
            },
            "type_name": "Ubuntu-18.04",
            "id": "1343",
            "type": "Distro",
            "cpu": 20
        },
        {
            "ram": 90,
            "name": "M.90GB-Ubuntu-18.04",
            "minimum_billing": {
                "contains": false
            },
            "type_name": "Ubuntu-18.04",
            "id": "2389",
            "type": "Distro",
            "cpu": 15
        },
        {
            "ram": 90,
            "name": "D.90GB-Ubuntu-18.04",
            "minimum_billing": {
                "contains": false
            },
            "type_name": "Ubuntu-18.04",
            "id": "1667",
            "type": "Distro",
            "cpu": 10
        },
        {
            "ram": 90,
            "name": "C.90GB-Ubuntu18.04",
            "minimum_billing": {
                "contains": false
            },
            "type_name": "Ubuntu-18.04",
            "id": "1344",
            "type": "Distro",
            "cpu": 27
        },
        {
            "ram": 120,
            "name": "SD12-2.120GB-Ubuntu-18.04",
            "minimum_billing": {
                "contains": false
            },
            "type_name": "Ubuntu-18.04",
            "id": "1808",
            "type": "Distro",
            "cpu": 12
        },
        {
            "ram": 120,
            "name": "M.120GB-Ubuntu-18.04",
            "minimum_billing": {
                "contains": false
            },
            "type_name": "Ubuntu-18.04",
            "id": "2306",
            "type": "Distro",
            "cpu": 18
        },
        {
            "ram": 120,
            "name": "D.120GB-Ubuntu-18.04",
            "minimum_billing": {
                "contains": false
            },
            "type_name": "Ubuntu-18.04",
            "id": "1666",
            "type": "Distro",
            "cpu": 12
        },
        {
            "ram": 120,
            "name": "C.120GB-Ubuntu18.04",
            "minimum_billing": {
                "contains": false
            },
            "type_name": "Ubuntu-18.04",
            "id": "1345",
            "type": "Distro",
            "cpu": 36
        },
        {
            "ram": 180,
            "name": "M.180GB-Ubuntu-18.04",
            "minimum_billing": {
                "contains": false
            },
            "type_name": "Ubuntu-18.04",
            "id": "2307",
            "type": "Distro",
            "cpu": 24
        },
        {
            "ram": 180,
            "name": "C.180GB-Ubuntu18.04",
            "minimum_billing": {
                "contains": false
            },
            "type_name": "Ubuntu-18.04",
            "id": "1346",
            "type": "Distro",
            "cpu": 48
        },
        {
            "ram": 240,
            "name": "M.240GB-Ubuntu-18.04",
            "minimum_billing": {
                "contains": false
            },
            "type_name": "Ubuntu-18.04",
            "id": "2308",
            "type": "Distro",
            "cpu": 32
        },
        {
            "ram": 240,
            "name": "C.240GB-Ubuntu18.04",
            "minimum_billing": {
                "contains": false
            },
            "type_name": "Ubuntu-18.04",
            "id": "1347",
            "type": "Distro",
            "cpu": 64
        },
        {
            "ram": 360,
            "name": "C.360GB-Ubuntu18.04",
            "minimum_billing": {
                "contains": false
            },
            "type_name": "Ubuntu-18.04",
            "id": "1348",
            "type": "Distro",
            "cpu": 72
        },
        {
            "ram": 8,
            "name": "Windows-2016",
            "minimum_billing": {
                "contains": false
            },
            "type_name": "Windows-2016",
            "id": "182",
            "type": "Distro",
            "cpu": 2
        },
        {
            "ram": 8,
            "name": "AW.8GB-Windows_Server_2016_STD",
            "minimum_billing": {
                "contains": false
            },
            "type_name": "Windows-2016",
            "id": "408",
            "type": "Distro",
            "cpu": 1
        },
        {
            "ram": 15,
            "name": "sdfghjklkjhgfdfghjklkjhgffghjklAW.188GB-Windows_Server_2016_STD",
            "minimum_billing": {
                "contains": false
            },
            "type_name": "Windows-2016",
            "id": "440",
            "type": "Distro",
            "cpu": 2
        },
        {
            "ram": 15,
            "name": "Copy of Copy of AW.15GB-Windows_Server_2016_STD",
            "minimum_billing": {
                "contains": false
            },
            "type_name": "Windows-2016",
            "id": "441",
            "type": "Distro",
            "cpu": 2
        },
        {
            "ram": 15,
            "name": "AW.195GB-snkcjnshisjdihWindows_Server_2016_STD",
            "minimum_billing": {
                "contains": false
            },
            "type_name": "Windows-2016",
            "id": "444",
            "type": "Distro",
            "cpu": 2
        },
        {
            "ram": 15,
            "name": "AW.15GB-Windows_Server_2016_STD",
            "minimum_billing": {
                "contains": false
            },
            "type_name": "Windows-2016",
            "id": "409",
            "type": "Distro",
            "cpu": 2
        },
        {
            "ram": 15,
            "name": "AW.150GB-Windows_Server_2016_STD",
            "minimum_billing": {
                "contains": false
            },
            "type_name": "Windows-2016",
            "id": "443",
            "type": "Distro",
            "cpu": 2
        },
        {
            "ram": 15,
            "name": "AW.100GB-Windows_Server_2016_STD",
            "minimum_billing": {
                "contains": false
            },
            "type_name": "Windows-2016",
            "id": "442",
            "type": "Distro",
            "cpu": 2
        },
        {
            "ram": 4,
            "name": "A.4GB-CentOS-7.5",
            "minimum_billing": {
                "contains": false
            },
            "type_name": "CentOS-7.5",
            "id": "265",
            "type": "Distro",
            "cpu": 2
        },
        {
            "ram": 6,
            "name": "B.6GB-CentOS-7.5",
            "minimum_billing": {
                "contains": false
            },
            "type_name": "CentOS-7.5",
            "id": "166",
            "type": "Distro",
            "cpu": 1
        },
        {
            "ram": 6,
            "name": "B.6.1GB-CentOS-7.5",
            "minimum_billing": {
                "contains": false
            },
            "type_name": "CentOS-7.5",
            "id": "240",
            "type": "Distro",
            "cpu": 2
        },
        {
            "ram": 6,
            "name": "A.6GB-CentOS-7.5",
            "minimum_billing": {
                "contains": false
            },
            "type_name": "CentOS-7.5",
            "id": "266",
            "type": "Distro",
            "cpu": 3
        },
        {
            "ram": 8,
            "name": "B.8GB-CentOS-7.5",
            "minimum_billing": {
                "contains": false
            },
            "type_name": "CentOS-7.5",
            "id": "167",
            "type": "Distro",
            "cpu": 2
        },
        {
            "ram": 9,
            "name": "A.9GB-CentOS-7.5",
            "minimum_billing": {
                "contains": false
            },
            "type_name": "CentOS-7.5",
            "id": "267",
            "type": "Distro",
            "cpu": 5
        },
        {
            "ram": 10,
            "name": "D.10GB-CentOS-7.5",
            "minimum_billing": {
                "contains": false
            },
            "type_name": "CentOS-7.5",
            "id": "1658",
            "type": "Distro",
            "cpu": 2
        },
        {
            "ram": 10,
            "name": "C.10GB-CentOS-7.5",
            "minimum_billing": {
                "contains": false
            },
            "type_name": "CentOS-7.5",
            "id": "931",
            "type": "Distro",
            "cpu": 4
        },
        {
            "ram": 15,
            "name": "C.15GB-CentOS-7.5",
            "minimum_billing": {
                "contains": false
            },
            "type_name": "CentOS-7.5",
            "id": "935",
            "type": "Distro",
            "cpu": 6
        },
        {
            "ram": 15,
            "name": "B.15GB-CentOS-7.5",
            "minimum_billing": {
                "contains": false
            },
            "type_name": "CentOS-7.5",
            "id": "168",
            "type": "Distro",
            "cpu": 4
        },
        {
            "ram": 19,
            "name": "A.19GB-CentOS-7.5",
            "minimum_billing": {
                "contains": false
            },
            "type_name": "CentOS-7.5",
            "id": "268",
            "type": "Distro",
            "cpu": 7
        },
        {
            "ram": 20,
            "name": "D.20GB-CentOS-7.5",
            "minimum_billing": {
                "contains": false
            },
            "type_name": "CentOS-7.5",
            "id": "1649",
            "type": "Distro",
            "cpu": 4
        },
        {
            "ram": 27,
            "name": "A.27GB-CentOS-7.5",
            "minimum_billing": {
                "contains": false
            },
            "type_name": "CentOS-7.5",
            "id": "269",
            "type": "Distro",
            "cpu": 9
        },
        {
            "ram": 30,
            "name": "SD8-1.30GB-CentOS-7.5",
            "minimum_billing": {
                "contains": false
            },
            "type_name": "CentOS-7.5",
            "id": "1782",
            "type": "Distro",
            "cpu": 8
        },
        {
            "ram": 30,
            "name": "M.30GB-CentOS-7.5",
            "minimum_billing": {
                "contains": false
            },
            "type_name": "CentOS-7.5",
            "id": "2382",
            "type": "Distro",
            "cpu": 4
        },
        {
            "ram": 30,
            "name": "C.30GB-CentOS-7.5",
            "minimum_billing": {
                "contains": false
            },
            "type_name": "CentOS-7.5",
            "id": "936",
            "type": "Distro",
            "cpu": 9
        },
        {
            "ram": 40,
            "name": "D.40GB-CentOS-7.5",
            "minimum_billing": {
                "contains": false
            },
            "type_name": "CentOS-7.5",
            "id": "1650",
            "type": "Distro",
            "cpu": 6
        },
        {
            "ram": 40,
            "name": "C.40GB-CentOS-7.5",
            "minimum_billing": {
                "contains": false
            },
            "type_name": "CentOS-7.5",
            "id": "937",
            "type": "Distro",
            "cpu": 13
        },
        {
            "ram": 60,
            "name": "SD12-1.60GB-CentOS-7.5",
            "minimum_billing": {
                "contains": false
            },
            "type_name": "CentOS-7.5",
            "id": "1941",
            "type": "Distro",
            "cpu": 12
        },
        {
            "ram": 60,
            "name": "M.60GB-CentOS-7.5",
            "minimum_billing": {
                "contains": false
            },
            "type_name": "CentOS-7.5",
            "id": "2295",
            "type": "Distro",
            "cpu": 12
        },
        {
            "ram": 60,
            "name": "D.60GB-CentOS-7.5",
            "minimum_billing": {
                "contains": false
            },
            "type_name": "CentOS-7.5",
            "id": "1651",
            "type": "Distro",
            "cpu": 8
        },
        {
            "ram": 60,
            "name": "C.60GB-CentOS-7.5",
            "minimum_billing": {
                "contains": false
            },
            "type_name": "CentOS-7.5",
            "id": "938",
            "type": "Distro",
            "cpu": 20
        },
        {
            "ram": 90,
            "name": "M.90GB-CentOS-7.5",
            "minimum_billing": {
                "contains": false
            },
            "type_name": "CentOS-7.5",
            "id": "2387",
            "type": "Distro",
            "cpu": 15
        },
        {
            "ram": 90,
            "name": "D.90GB-CentOS-7.5",
            "minimum_billing": {
                "contains": false
            },
            "type_name": "CentOS-7.5",
            "id": "1653",
            "type": "Distro",
            "cpu": 10
        },
        {
            "ram": 90,
            "name": "C.90GB-CentOS-7.5",
            "minimum_billing": {
                "contains": false
            },
            "type_name": "CentOS-7.5",
            "id": "939",
            "type": "Distro",
            "cpu": 27
        },
        {
            "ram": 120,
            "name": "SD12-2.120GB-CentOS-7.5",
            "minimum_billing": {
                "contains": false
            },
            "type_name": "CentOS-7.5",
            "id": "1788",
            "type": "Distro",
            "cpu": 12
        },
        {
            "ram": 120,
            "name": "M.120GB-CentOS-7.5",
            "minimum_billing": {
                "contains": false
            },
            "type_name": "CentOS-7.5",
            "id": "2296",
            "type": "Distro",
            "cpu": 18
        },
        {
            "ram": 120,
            "name": "D.120GB-CentOS-7.5",
            "minimum_billing": {
                "contains": false
            },
            "type_name": "CentOS-7.5",
            "id": "1654",
            "type": "Distro",
            "cpu": 12
        },
        {
            "ram": 120,
            "name": "C.120GB-CentOS-7.5",
            "minimum_billing": {
                "contains": false
            },
            "type_name": "CentOS-7.5",
            "id": "940",
            "type": "Distro",
            "cpu": 36
        },
        {
            "ram": 180,
            "name": "M.180GB-CentOS-7.5",
            "minimum_billing": {
                "contains": false
            },
            "type_name": "CentOS-7.5",
            "id": "2297",
            "type": "Distro",
            "cpu": 24
        },
        {
            "ram": 180,
            "name": "C.180GB-CentOS-7.5",
            "minimum_billing": {
                "contains": false
            },
            "type_name": "CentOS-7.5",
            "id": "941",
            "type": "Distro",
            "cpu": 48
        },
        {
            "ram": 240,
            "name": "M.240GB-CentOS-7.5",
            "minimum_billing": {
                "contains": false
            },
            "type_name": "CentOS-7.5",
            "id": "2298",
            "type": "Distro",
            "cpu": 32
        },
        {
            "ram": 240,
            "name": "C.240GB-CentOS-7.5",
            "minimum_billing": {
                "contains": false
            },
            "type_name": "CentOS-7.5",
            "id": "942",
            "type": "Distro",
            "cpu": 64
        },
        {
            "ram": 360,
            "name": "C.360GB-CentOS-7.5",
            "minimum_billing": {
                "contains": false
            },
            "type_name": "CentOS-7.5",
            "id": "943",
            "type": "Distro",
            "cpu": 72
        },
        {
            "ram": 4,
            "name": "A.4GB-CentOS-6.10",
            "minimum_billing": {
                "contains": false
            },
            "type_name": "CentOS-6.10",
            "id": "256",
            "type": "Distro",
            "cpu": 2
        },
        {
            "ram": 6,
            "name": "B.6GB-CentOS-6.10",
            "minimum_billing": {
                "contains": false
            },
            "type_name": "CentOS-6.10",
            "id": "1043",
            "type": "Distro",
            "cpu": 1
        },
        {
            "ram": 6,
            "name": "B.6.1GB-CentOS-6.10",
            "minimum_billing": {
                "contains": false
            },
            "type_name": "CentOS-6.10",
            "id": "156",
            "type": "Distro",
            "cpu": 2
        },
        {
            "ram": 6,
            "name": "A.6GB-CentOS-6.10",
            "minimum_billing": {
                "contains": false
            },
            "type_name": "CentOS-6.10",
            "id": "257",
            "type": "Distro",
            "cpu": 3
        },
        {
            "ram": 8,
            "name": "B.8GB-CentOS-6.10",
            "minimum_billing": {
                "contains": false
            },
            "type_name": "CentOS-6.10",
            "id": "107",
            "type": "Distro",
            "cpu": 2
        },
        {
            "ram": 9,
            "name": "A.9GB-CentOS-6.10",
            "minimum_billing": {
                "contains": false
            },
            "type_name": "CentOS-6.10",
            "id": "258",
            "type": "Distro",
            "cpu": 5
        },
        {
            "ram": 10,
            "name": "D.10GB-CentOS-6.10",
            "minimum_billing": {
                "contains": false
            },
            "type_name": "CentOS-6.10",
            "id": "1659",
            "type": "Distro",
            "cpu": 2
        },
        {
            "ram": 10,
            "name": "C.10GB-CentOS-6.10",
            "minimum_billing": {
                "contains": false
            },
            "type_name": "CentOS-6.10",
            "id": "920",
            "type": "Distro",
            "cpu": 4
        },
        {
            "ram": 15,
            "name": "C.15GB-CentOS-6.10",
            "minimum_billing": {
                "contains": false
            },
            "type_name": "CentOS-6.10",
            "id": "921",
            "type": "Distro",
            "cpu": 6
        },
        {
            "ram": 15,
            "name": "B.15GB-CentOS-6.10",
            "minimum_billing": {
                "contains": false
            },
            "type_name": "CentOS-6.10",
            "id": "108",
            "type": "Distro",
            "cpu": 4
        },
        {
            "ram": 19,
            "name": "A.19GB-CentOS-6.10",
            "minimum_billing": {
                "contains": false
            },
            "type_name": "CentOS-6.10",
            "id": "259",
            "type": "Distro",
            "cpu": 7
        },
        {
            "ram": 20,
            "name": "D.20GB-CentOS-6.10",
            "minimum_billing": {
                "contains": false
            },
            "type_name": "CentOS-6.10",
            "id": "1660",
            "type": "Distro",
            "cpu": 4
        },
        {
            "ram": 27,
            "name": "A.27GB-CentOS-6.10",
            "minimum_billing": {
                "contains": false
            },
            "type_name": "CentOS-6.10",
            "id": "260",
            "type": "Distro",
            "cpu": 9
        },
        {
            "ram": 30,
            "name": "SD8-1.30GB-CentOS-6.10",
            "minimum_billing": {
                "contains": false
            },
            "type_name": "CentOS-6.10",
            "id": "1847",
            "type": "Distro",
            "cpu": 8
        },
        {
            "ram": 8,
            "name": "BW.8GB-Windows_Server_2012_R2_STD",
            "minimum_billing": {
                "contains": false
            },
            "type_name": "Windows_2012_R2_STD",
            "id": "2035",
            "type": "Distro",
            "cpu": 1
        },
        {
            "ram": 10,
            "name": "WD.10GB-Windows_Server_2012_R2_STD",
            "minimum_billing": {
                "contains": false
            },
            "type_name": "Windows_2012_R2_STD",
            "id": "2111",
            "type": "Distro",
            "cpu": 2
        },
        {
            "ram": 15,
            "name": "BW.15GB-Windows_Server_2012_R2_STD",
            "minimum_billing": {
                "contains": false
            },
            "type_name": "Windows_2012_R2_STD",
            "id": "2036",
            "type": "Distro",
            "cpu": 2
        },
        {
            "ram": 20,
            "name": "WD.20GB-Windows_Server_2012_R2_STD",
            "minimum_billing": {
                "contains": false
            },
            "type_name": "Windows_2012_R2_STD",
            "id": "2112",
            "type": "Distro",
            "cpu": 4
        },
        {
            "ram": 30,
            "name": "BW.30GB-Windows_Server_2012_R2_STD",
            "minimum_billing": {
                "contains": false
            },
            "type_name": "Windows_2012_R2_STD",
            "id": "2037",
            "type": "Distro",
            "cpu": 4
        },
        {
            "ram": 40,
            "name": "WD.40GB-Windows_Server_2012_R2_STD",
            "minimum_billing": {
                "contains": false
            },
            "type_name": "Windows_2012_R2_STD",
            "id": "2113",
            "type": "Distro",
            "cpu": 6
        },
        {
            "ram": 60,
            "name": "WSD12-1.60GB-Windows_Server_2012_R2_STD",
            "minimum_billing": {
                "contains": false
            },
            "type_name": "Windows_2012_R2_STD",
            "id": "1955",
            "type": "Distro",
            "cpu": 12
        },
        {
            "ram": 60,
            "name": "WD.60GB-Windows_Server_2012_R2_STD",
            "minimum_billing": {
                "contains": false
            },
            "type_name": "Windows_2012_R2_STD",
            "id": "2114",
            "type": "Distro",
            "cpu": 8
        },
        {
            "ram": 60,
            "name": "BW.60GB-Windows_Server_2012_R2_STD",
            "minimum_billing": {
                "contains": false
            },
            "type_name": "Windows_2012_R2_STD",
            "id": "2038",
            "type": "Distro",
            "cpu": 6
        },
        {
            "ram": 90,
            "name": "WD.90GB-Windows_Server_2012_R2_STD",
            "minimum_billing": {
                "contains": false
            },
            "type_name": "Windows_2012_R2_STD",
            "id": "2115",
            "type": "Distro",
            "cpu": 10
        },
        {
            "ram": 120,
            "name": "WSD12-2.120GB-Windows_Server_2012_R2_STD",
            "minimum_billing": {
                "contains": false
            },
            "type_name": "Windows_2012_R2_STD",
            "id": "1956",
            "type": "Distro",
            "cpu": 12
        },
        {
            "ram": 120,
            "name": "WD.120GB-Windows_Server_2012_R2_STD",
            "minimum_billing": {
                "contains": false
            },
            "type_name": "Windows_2012_R2_STD",
            "id": "2116",
            "type": "Distro",
            "cpu": 12
        },
        {
            "ram": 4,
            "name": "A.4GB.Debian9",
            "minimum_billing": {
                "contains": false
            },
            "type_name": "Debian-9",
            "id": "729",
            "type": "Distro",
            "cpu": 2
        },
        {
            "ram": 6,
            "name": "B.6GB.Debian9",
            "minimum_billing": {
                "contains": false
            },
            "type_name": "Debian-9",
            "id": "719",
            "type": "Distro",
            "cpu": 1
        },
        {
            "ram": 6,
            "name": "B.6.1GB.Debian9",
            "minimum_billing": {
                "contains": false
            },
            "type_name": "Debian-9",
            "id": "727",
            "type": "Distro",
            "cpu": 2
        },
        {
            "ram": 6,
            "name": "A.6GB.Debian9",
            "minimum_billing": {
                "contains": false
            },
            "type_name": "Debian-9",
            "id": "730",
            "type": "Distro",
            "cpu": 3
        },
        {
            "ram": 8,
            "name": "E2E-1Click-Redis",
            "minimum_billing": {
                "contains": false
            },
            "type_name": "Debian-9",
            "id": "2121",
            "type": "Distro",
            "cpu": 4
        },
        {
            "ram": 8,
            "name": "B.8GB-Debian9",
            "minimum_billing": {
                "contains": false
            },
            "type_name": "Debian-9",
            "id": "720",
            "type": "Distro",
            "cpu": 2
        },
        {
            "ram": 9,
            "name": "A.9GB.Debian9",
            "minimum_billing": {
                "contains": false
            },
            "type_name": "Debian-9",
            "id": "731",
            "type": "Distro",
            "cpu": 5
        },
        {
            "ram": 10,
            "name": "D.10GB-Debian9",
            "minimum_billing": {
                "contains": false
            },
            "type_name": "Debian-9",
            "id": "1686",
            "type": "Distro",
            "cpu": 2
        },
        {
            "ram": 10,
            "name": "C.10GB-Debian9",
            "minimum_billing": {
                "contains": false
            },
            "type_name": "Debian-9",
            "id": "1002",
            "type": "Distro",
            "cpu": 4
        },
        {
            "ram": 15,
            "name": "C.15GB-Debian9",
            "minimum_billing": {
                "contains": false
            },
            "type_name": "Debian-9",
            "id": "1003",
            "type": "Distro",
            "cpu": 6
        },
        {
            "ram": 15,
            "name": "B.15GB-Debian9",
            "minimum_billing": {
                "contains": false
            },
            "type_name": "Debian-9",
            "id": "721",
            "type": "Distro",
            "cpu": 4
        },
        {
            "ram": 19,
            "name": "A.19GB.Debian9",
            "minimum_billing": {
                "contains": false
            },
            "type_name": "Debian-9",
            "id": "732",
            "type": "Distro",
            "cpu": 7
        },
        {
            "ram": 20,
            "name": "D.20GB-Debian9",
            "minimum_billing": {
                "contains": false
            },
            "type_name": "Debian-9",
            "id": "1687",
            "type": "Distro",
            "cpu": 4
        },
        {
            "ram": 27,
            "name": "A.27GB.Debian9",
            "minimum_billing": {
                "contains": false
            },
            "type_name": "Debian-9",
            "id": "733",
            "type": "Distro",
            "cpu": 9
        },
        {
            "ram": 30,
            "name": "SD8-1.30GB-Debian9",
            "minimum_billing": {
                "contains": false
            },
            "type_name": "Debian-9",
            "id": "1852",
            "type": "Distro",
            "cpu": 8
        },
        {
            "ram": 30,
            "name": "M.30GB-Debian9",
            "minimum_billing": {
                "contains": false
            },
            "type_name": "Debian-9",
            "id": "2386",
            "type": "Distro",
            "cpu": 4
        },
        {
            "ram": 30,
            "name": "C.30GB-Debian9",
            "minimum_billing": {
                "contains": false
            },
            "type_name": "Debian-9",
            "id": "1004",
            "type": "Distro",
            "cpu": 9
        },
        {
            "ram": 40,
            "name": "D.40GB-Debian9",
            "minimum_billing": {
                "contains": false
            },
            "type_name": "Debian-9",
            "id": "1688",
            "type": "Distro",
            "cpu": 6
        },
        {
            "ram": 40,
            "name": "C.40GB-Debian9",
            "minimum_billing": {
                "contains": false
            },
            "type_name": "Debian-9",
            "id": "1005",
            "type": "Distro",
            "cpu": 13
        },
        {
            "ram": 60,
            "name": "SD12-1.60GB-Debian9",
            "minimum_billing": {
                "contains": false
            },
            "type_name": "Debian-9",
            "id": "1940",
            "type": "Distro",
            "cpu": 12
        },
        {
            "ram": 60,
            "name": "M.60GB-Debian9",
            "minimum_billing": {
                "contains": false
            },
            "type_name": "Debian-9",
            "id": "2317",
            "type": "Distro",
            "cpu": 12
        },
        {
            "ram": 60,
            "name": "D.60GB-Debian9",
            "minimum_billing": {
                "contains": false
            },
            "type_name": "Debian-9",
            "id": "1689",
            "type": "Distro",
            "cpu": 8
        },
        {
            "ram": 60,
            "name": "C.60GB-Debian9",
            "minimum_billing": {
                "contains": false
            },
            "type_name": "Debian-9",
            "id": "1006",
            "type": "Distro",
            "cpu": 20
        },
        {
            "ram": 90,
            "name": "M.90GB-Debian9",
            "minimum_billing": {
                "contains": false
            },
            "type_name": "Debian-9",
            "id": "2391",
            "type": "Distro",
            "cpu": 15
        },
        {
            "ram": 90,
            "name": "D.90GB-Debian9",
            "minimum_billing": {
                "contains": false
            },
            "type_name": "Debian-9",
            "id": "1690",
            "type": "Distro",
            "cpu": 10
        },
        {
            "ram": 90,
            "name": "C.90GB-Debian9",
            "minimum_billing": {
                "contains": false
            },
            "type_name": "Debian-9",
            "id": "1007",
            "type": "Distro",
            "cpu": 27
        },
        {
            "ram": 120,
            "name": "SD12-2.120GB-Debian9",
            "minimum_billing": {
                "contains": false
            },
            "type_name": "Debian-9",
            "id": "1854",
            "type": "Distro",
            "cpu": 12
        },
        {
            "ram": 120,
            "name": "M.120GB-Debian9",
            "minimum_billing": {
                "contains": false
            },
            "type_name": "Debian-9",
            "id": "2322",
            "type": "Distro",
            "cpu": 18
        },
        {
            "ram": 120,
            "name": "D.120GB-Debian9",
            "minimum_billing": {
                "contains": false
            },
            "type_name": "Debian-9",
            "id": "1691",
            "type": "Distro",
            "cpu": 12
        },
        {
            "ram": 120,
            "name": "C.120GB-Debian9",
            "minimum_billing": {
                "contains": false
            },
            "type_name": "Debian-9",
            "id": "1008",
            "type": "Distro",
            "cpu": 36
        },
        {
            "ram": 180,
            "name": "M.180GB-Debian9",
            "minimum_billing": {
                "contains": false
            },
            "type_name": "Debian-9",
            "id": "2323",
            "type": "Distro",
            "cpu": 24
        },
        {
            "ram": 180,
            "name": "C.180GB-Debian9",
            "minimum_billing": {
                "contains": false
            },
            "type_name": "Debian-9",
            "id": "1009",
            "type": "Distro",
            "cpu": 48
        },
        {
            "ram": 240,
            "name": "M.240GB-Debian9",
            "minimum_billing": {
                "contains": false
            },
            "type_name": "Debian-9",
            "id": "2324",
            "type": "Distro",
            "cpu": 32
        },
        {
            "ram": 240,
            "name": "C.240GB-Debian9",
            "minimum_billing": {
                "contains": false
            },
            "type_name": "Debian-9",
            "id": "1010",
            "type": "Distro",
            "cpu": 64
        },
        {
            "ram": 4,
            "name": "A.4GB.Debian8",
            "minimum_billing": {
                "contains": false
            },
            "type_name": "Debian-8",
            "id": "283",
            "type": "Distro",
            "cpu": 2
        },
        {
            "ram": 6,
            "name": "B.6GB.Debian8",
            "minimum_billing": {
                "contains": false
            },
            "type_name": "Debian-8",
            "id": "142",
            "type": "Distro",
            "cpu": 1
        },
        {
            "ram": 6,
            "name": "B.6.1GB.Debian8",
            "minimum_billing": {
                "contains": false
            },
            "type_name": "Debian-8",
            "id": "159",
            "type": "Distro",
            "cpu": 2
        },
        {
            "ram": 6,
            "name": "A.6GB.Debian8",
            "minimum_billing": {
                "contains": false
            },
            "type_name": "Debian-8",
            "id": "284",
            "type": "Distro",
            "cpu": 3
        },
        {
            "ram": 8,
            "name": "B.8GB-Debian8",
            "minimum_billing": {
                "contains": false
            },
            "type_name": "Debian-8",
            "id": "143",
            "type": "Distro",
            "cpu": 2
        },
        {
            "ram": 9,
            "name": "A.9GB.Debian8",
            "minimum_billing": {
                "contains": false
            },
            "type_name": "Debian-8",
            "id": "285",
            "type": "Distro",
            "cpu": 5
        },
        {
            "ram": 10,
            "name": "C.10GB-Debian8",
            "minimum_billing": {
                "contains": false
            },
            "type_name": "Debian-8",
            "id": "984",
            "type": "Distro",
            "cpu": 4
        },
        {
            "ram": 15,
            "name": "C.15GB-Debian8",
            "minimum_billing": {
                "contains": false
            },
            "type_name": "Debian-8",
            "id": "994",
            "type": "Distro",
            "cpu": 6
        },
        {
            "ram": 15,
            "name": "B.15GB-Debian8",
            "minimum_billing": {
                "contains": false
            },
            "type_name": "Debian-8",
            "id": "144",
            "type": "Distro",
            "cpu": 4
        },
        {
            "ram": 19,
            "name": "A.19GB.Debian8",
            "minimum_billing": {
                "contains": false
            },
            "type_name": "Debian-8",
            "id": "286",
            "type": "Distro",
            "cpu": 7
        },
        {
            "ram": 27,
            "name": "A.27GB.Debian8",
            "minimum_billing": {
                "contains": false
            },
            "type_name": "Debian-8",
            "id": "287",
            "type": "Distro",
            "cpu": 9
        },
        {
            "ram": 30,
            "name": "C.30GB-Debian8",
            "minimum_billing": {
                "contains": false
            },
            "type_name": "Debian-8",
            "id": "995",
            "type": "Distro",
            "cpu": 9
        },
        {
            "ram": 40,
            "name": "C.40GB-Debian8",
            "minimum_billing": {
                "contains": false
            },
            "type_name": "Debian-8",
            "id": "996",
            "type": "Distro",
            "cpu": 13
        },
        {
            "ram": 60,
            "name": "C.60GB-Debian8",
            "minimum_billing": {
                "contains": false
            },
            "type_name": "Debian-8",
            "id": "997",
            "type": "Distro",
            "cpu": 20
        },
        {
            "ram": 90,
            "name": "C.90GB-Debian8",
            "minimum_billing": {
                "contains": false
            },
            "type_name": "Debian-8",
            "id": "989",
            "type": "Distro",
            "cpu": 27
        },
        {
            "ram": 120,
            "name": "M.120GB-Debian8",
            "minimum_billing": {
                "contains": false
            },
            "type_name": "Debian-8",
            "id": "2326",
            "type": "Distro",
            "cpu": 18
        },
        {
            "ram": 120,
            "name": "C.120GB-Debian8",
            "minimum_billing": {
                "contains": false
            },
            "type_name": "Debian-8",
            "id": "998",
            "type": "Distro",
            "cpu": 36
        },
        {
            "ram": 180,
            "name": "M.180GB-Debian8",
            "minimum_billing": {
                "contains": false
            },
            "type_name": "Debian-8",
            "id": "2327",
            "type": "Distro",
            "cpu": 24
        },
        {
            "ram": 180,
            "name": "C.180GB-Debian8",
            "minimum_billing": {
                "contains": false
            },
            "type_name": "Debian-8",
            "id": "999",
            "type": "Distro",
            "cpu": 48
        },
        {
            "ram": 240,
            "name": "M.240GB-Debian8",
            "minimum_billing": {
                "contains": false
            },
            "type_name": "Debian-8",
            "id": "2328",
            "type": "Distro",
            "cpu": 32
        },
        {
            "ram": 240,
            "name": "C.240GB-Debian8",
            "minimum_billing": {
                "contains": false
            },
            "type_name": "Debian-8",
            "id": "1000",
            "type": "Distro",
            "cpu": 64
        },
        {
            "ram": 360,
            "name": "C.360GB-Debian8",
            "minimum_billing": {
                "contains": false
            },
            "type_name": "Debian-8",
            "id": "1001",
            "type": "Distro",
            "cpu": 72
        },
        {
            "ram": 10,
            "name": "CPD.10GB-CentOS-7.5",
            "minimum_billing": {
                "contains": false
            },
            "type_name": "CentOS-7.5-cpanel",
            "id": "2213",
            "type": "cPanel",
            "cpu": 2
        },
        {
            "ram": 15,
            "name": "CP.15GB-CentOS-7.5",
            "minimum_billing": {
                "contains": false
            },
            "type_name": "CentOS-7.5-cpanel",
            "id": "1681",
            "type": "cPanel",
            "cpu": 3
        },
        {
            "ram": 20,
            "name": "CPD.20GB-CentOS-7.5",
            "minimum_billing": {
                "contains": false
            },
            "type_name": "CentOS-7.5-cpanel",
            "id": "2225",
            "type": "cPanel",
            "cpu": 4
        },
        {
            "ram": 30,
            "name": "CPSD8-1.30GB-CentOS-7.5",
            "minimum_billing": {
                "contains": false
            },
            "type_name": "CentOS-7.5-cpanel",
            "id": "1959",
            "type": "cPanel",
            "cpu": 8
        },
        {
            "ram": 30,
            "name": "CP.30GB-CentOS-7.5",
            "minimum_billing": {
                "contains": false
            },
            "type_name": "CentOS-7.5-cpanel",
            "id": "1682",
            "type": "cPanel",
            "cpu": 5
        },
        {
            "ram": 40,
            "name": "CPD.40GB-CentOS-7.5",
            "minimum_billing": {
                "contains": false
            },
            "type_name": "CentOS-7.5-cpanel",
            "id": "2226",
            "type": "cPanel",
            "cpu": 6
        },
        {
            "ram": 40,
            "name": "CP.40GB-CentOS-7.5",
            "minimum_billing": {
                "contains": false
            },
            "type_name": "CentOS-7.5-cpanel",
            "id": "1683",
            "type": "cPanel",
            "cpu": 7
        },
        {
            "ram": 60,
            "name": "CPSD12-1.60GB-CentOS-7.5",
            "minimum_billing": {
                "contains": false
            },
            "type_name": "CentOS-7.5-cpanel",
            "id": "1960",
            "type": "cPanel",
            "cpu": 12
        },
        {
            "ram": 60,
            "name": "CPD.60GB-CentOS-7.5",
            "minimum_billing": {
                "contains": false
            },
            "type_name": "CentOS-7.5-cpanel",
            "id": "2227",
            "type": "cPanel",
            "cpu": 8
        },
        {
            "ram": 60,
            "name": "CP.60GB-CentOS-7.5",
            "minimum_billing": {
                "contains": false
            },
            "type_name": "CentOS-7.5-cpanel",
            "id": "1684",
            "type": "cPanel",
            "cpu": 9
        },
        {
            "ram": 90,
            "name": "CPD.90GB-CentOS-7.5",
            "minimum_billing": {
                "contains": false
            },
            "type_name": "CentOS-7.5-cpanel",
            "id": "2228",
            "type": "cPanel",
            "cpu": 10
        },
        {
            "ram": 120,
            "name": "CPSD12-2.120GB-CentOS-7.5",
            "minimum_billing": {
                "contains": false
            },
            "type_name": "CentOS-7.5-cpanel",
            "id": "1961",
            "type": "cPanel",
            "cpu": 12
        },
        {
            "ram": 120,
            "name": "CPD.120GB-CentOS-7.5",
            "minimum_billing": {
                "contains": false
            },
            "type_name": "CentOS-7.5-cpanel",
            "id": "2229",
            "type": "cPanel",
            "cpu": 12
        },
        {
            "ram": 120,
            "name": "CP.120GB-CentOS-7.5",
            "minimum_billing": {
                "contains": false
            },
            "type_name": "CentOS-7.5-cpanel",
            "id": "1685",
            "type": "cPanel",
            "cpu": 12
        },
        {
            "ram": 15,
            "name": "PLESK.15GB-CentOS-7.5",
            "minimum_billing": {
                "contains": false
            },
            "type_name": "CentOS-Plesk",
            "id": "2331",
            "type": "Plesk",
            "cpu": 3
        },
        {
            "ram": 30,
            "name": "PLESK.30GB-CentOS-7.5",
            "minimum_billing": {
                "contains": false
            },
            "type_name": "CentOS-Plesk",
            "id": "2332",
            "type": "Plesk",
            "cpu": 5
        },
        {
            "ram": 40,
            "name": "PLESK.40GB-CentOS-7.5",
            "minimum_billing": {
                "contains": false
            },
            "type_name": "CentOS-Plesk",
            "id": "2333",
            "type": "Plesk",
            "cpu": 7
        },
        {
            "ram": 60,
            "name": "PLESK.60GB-CentOS-7.5",
            "minimum_billing": {
                "contains": false
            },
            "type_name": "CentOS-Plesk",
            "id": "2334",
            "type": "Plesk",
            "cpu": 9
        },
        {
            "ram": 120,
            "name": "PLESK.120GB-CentOS-7.5",
            "minimum_billing": {
                "contains": false
            },
            "type_name": "CentOS-Plesk",
            "id": "2335",
            "type": "Plesk",
            "cpu": 12
        },
        {
            "ram": 6,
            "name": "B.6.1GB-CentOS-7.5-Webuzo",
            "minimum_billing": {
                "contains": false
            },
            "type_name": "CentOS-7.5-Webuzo",
            "id": "2214",
            "type": "Distro",
            "cpu": 2
        },
        {
            "ram": 4,
            "name": "A.4GB-CentOS-7.5-VirtualMin",
            "minimum_billing": {
                "contains": false
            },
            "type_name": "CentOS-7.5-VirtualMin",
            "id": "888",
            "type": "Distro",
            "cpu": 2
        },
        {
            "ram": 6,
            "name": "B.6GB-CentOS-7.5-VirtualMin",
            "minimum_billing": {
                "contains": false
            },
            "type_name": "CentOS-7.5-VirtualMin",
            "id": "754",
            "type": "Distro",
            "cpu": 1
        },
        {
            "ram": 6,
            "name": "B.6.1GB-CentOS-7.5-VirtualMin",
            "minimum_billing": {
                "contains": false
            },
            "type_name": "CentOS-7.5-VirtualMin",
            "id": "882",
            "type": "Distro",
            "cpu": 2
        },
        {
            "ram": 6,
            "name": "A.6GB-CentOS-7.5-VirtualMin",
            "minimum_billing": {
                "contains": false
            },
            "type_name": "CentOS-7.5-VirtualMin",
            "id": "639",
            "type": "Distro",
            "cpu": 3
        },
        {
            "ram": 8,
            "name": "B.8GB-CentOS-7.5-VirtualMin",
            "minimum_billing": {
                "contains": false
            },
            "type_name": "CentOS-7.5-VirtualMin",
            "id": "755",
            "type": "Distro",
            "cpu": 2
        },
        {
            "ram": 9,
            "name": "A.9GB-CentOS-7.5-VirtualMin",
            "minimum_billing": {
                "contains": false
            },
            "type_name": "CentOS-7.5-VirtualMin",
            "id": "889",
            "type": "Distro",
            "cpu": 5
        },
        {
            "ram": 10,
            "name": "C.10GB-CentOS-7.5-VirtualMin",
            "minimum_billing": {
                "contains": false
            },
            "type_name": "CentOS-7.5-VirtualMin",
            "id": "1022",
            "type": "Distro",
            "cpu": 4
        },
        {
            "ram": 15,
            "name": "C.15GB-CentOS-7.5-VirtualMin",
            "minimum_billing": {
                "contains": false
            },
            "type_name": "CentOS-7.5-VirtualMin",
            "id": "1023",
            "type": "Distro",
            "cpu": 6
        },
        {
            "ram": 15,
            "name": "B.15GB-CentOS-7.5-VirtualMin",
            "minimum_billing": {
                "contains": false
            },
            "type_name": "CentOS-7.5-VirtualMin",
            "id": "659",
            "type": "Distro",
            "cpu": 4
        },
        {
            "ram": 19,
            "name": "A.19GB-CentOS-7.5-VirtualMin",
            "minimum_billing": {
                "contains": false
            },
            "type_name": "CentOS-7.5-VirtualMin",
            "id": "767",
            "type": "Distro",
            "cpu": 7
        },
        {
            "ram": 27,
            "name": "A.27GB-CentOS-7.5-VirtualMin",
            "minimum_billing": {
                "contains": false
            },
            "type_name": "CentOS-7.5-VirtualMin",
            "id": "890",
            "type": "Distro",
            "cpu": 9
        },
        {
            "ram": 30,
            "name": "C.30GB-CentOS-7.5-VirtualMin",
            "minimum_billing": {
                "contains": false
            },
            "type_name": "CentOS-7.5-VirtualMin",
            "id": "1024",
            "type": "Distro",
            "cpu": 9
        },
        {
            "ram": 40,
            "name": "C.40GB-CentOS-7.5-VirtualMin",
            "minimum_billing": {
                "contains": false
            },
            "type_name": "CentOS-7.5-VirtualMin",
            "id": "1025",
            "type": "Distro",
            "cpu": 13
        },
        {
            "ram": 60,
            "name": "C.60GB-CentOS-7.5-VirtualMin",
            "minimum_billing": {
                "contains": false
            },
            "type_name": "CentOS-7.5-VirtualMin",
            "id": "1026",
            "type": "Distro",
            "cpu": 20
        },
        {
            "ram": 90,
            "name": "C.90GB-CentOS-7.5-VirtualMin",
            "minimum_billing": {
                "contains": false
            },
            "type_name": "CentOS-7.5-VirtualMin",
            "id": "1027",
            "type": "Distro",
            "cpu": 27
        },
        {
            "ram": 120,
            "name": "C.120GB-CentOS-7.5-VirtualMin",
            "minimum_billing": {
                "contains": false
            },
            "type_name": "CentOS-7.5-VirtualMin",
            "id": "1028",
            "type": "Distro",
            "cpu": 36
        },
        {
            "ram": 180,
            "name": "C.180GB-CentOS-7.5-VirtualMin",
            "minimum_billing": {
                "contains": false
            },
            "type_name": "CentOS-7.5-VirtualMin",
            "id": "1029",
            "type": "Distro",
            "cpu": 48
        },
        {
            "ram": 240,
            "name": "C.240GB-CentOS-7.5-VirtualMin",
            "minimum_billing": {
                "contains": false
            },
            "type_name": "CentOS-7.5-VirtualMin",
            "id": "1030",
            "type": "Distro",
            "cpu": 64
        },
        {
            "ram": 360,
            "name": "C.360GB-CentOS-7.5-VirtualMin",
            "minimum_billing": {
                "contains": false
            },
            "type_name": "CentOS-7.5-VirtualMin",
            "id": "1031",
            "type": "Distro",
            "cpu": 72
        }
    ]
}