{
    "status": true,
    "message": "Fetched template list",
    "data": [
        {
            "ram": 4,
            "name": "A.4GB.Ubuntu14",
            "minimum_billing": {
                "contains": false
            },
            "type_name": "Ubuntu-14.04",
            "id": "274",
            "type": "Distro",
            "cpu": 2
        },
        {
            "ram": 6,
            "name": "B.6GB.Ubuntu14",
            "minimum_billing": {
                "contains": false
            },
            "type_name": "Ubuntu-14.04",
            "id": "124",
            "type": "Distro",
            "cpu": 1
        },
        {
            "ram": 6,
            "name": "B.6.1GB.Ubuntu14",
            "minimum_billing": {
                "contains": false
            },
            "type_name": "Ubuntu-14.04",
            "id": "158",
            "type": "Distro",
            "cpu": 2
        },
        {
            "ram": 6,
            "name": "A.6GB.Ubuntu14",
            "minimum_billing": {
                "contains": false
            },
            "type_name": "Ubuntu-14.04",
            "id": "275",
            "type": "Distro",
            "cpu": 3
        },
        {
            "ram": 8,
            "name": "B.8GB-Ubuntu14",
            "minimum_billing": {
                "contains": false
            },
            "type_name": "Ubuntu-14.04",
            "id": "125",
            "type": "Distro",
            "cpu": 2
        },
        {
            "ram": 9,
            "name": "A.9GB.Ubuntu14",
            "minimum_billing": {
                "contains": false
            },
            "type_name": "Ubuntu-14.04",
            "id": "276",
            "type": "Distro",
            "cpu": 5
        },
        {
            "ram": 10,
            "name": "C.10GB-Ubuntu14",
            "minimum_billing": {
                "contains": false
            },
            "type_name": "Ubuntu-14.04",
            "id": "944",
            "type": "Distro",
            "cpu": 4
        },
        {
            "ram": 15,
            "name": "C.15GB-Ubuntu14",
            "minimum_billing": {
                "contains": false
            },
            "type_name": "Ubuntu-14.04",
            "id": "945",
            "type": "Distro",
            "cpu": 6
        },
        {
            "ram": 15,
            "name": "B.15GB-Ubuntu14",
            "minimum_billing": {
                "contains": false
            },
            "type_name": "Ubuntu-14.04",
            "id": "126",
            "type": "Distro",
            "cpu": 4
        },
        {
            "ram": 19,
            "name": "A.19GB.Ubuntu14",
            "minimum_billing": {
                "contains": false
            },
            "type_name": "Ubuntu-14.04",
            "id": "277",
            "type": "Distro",
            "cpu": 7
        },
        {
            "ram": 30,
            "name": "C.30GB-Ubuntu14",
            "minimum_billing": {
                "contains": false
            },
            "type_name": "Ubuntu-14.04",
            "id": "946",
            "type": "Distro",
            "cpu": 9
        },
        {
            "ram": 40,
            "name": "C.40GB-Ubuntu14",
            "minimum_billing": {
                "contains": false
            },
            "type_name": "Ubuntu-14.04",
            "id": "947",
            "type": "Distro",
            "cpu": 13
        },
        {
            "ram": 60,
            "name": "C.60GB-Ubuntu14",
            "minimum_billing": {
                "contains": false
            },
            "type_name": "Ubuntu-14.04",
            "id": "948",
            "type": "Distro",
            "cpu": 20
        },
        {
            "ram": 90,
            "name": "C.90GB-Ubuntu14",
            "minimum_billing": {
                "contains": false
            },
            "type_name": "Ubuntu-14.04",
            "id": "949",
            "type": "Distro",
            "cpu": 27
        },
        {
            "ram": 120,
            "name": "C.120GB-Ubuntu14",
            "minimum_billing": {
                "contains": false
            },
            "type_name": "Ubuntu-14.04",
            "id": "950",
            "type": "Distro",
            "cpu": 36
        },
        {
            "ram": 1800,
            "name": "C.180GB-Ubuntu14",
            "minimum_billing": {
                "contains": false
            },
            "type_name": "Ubuntu-14.04",
            "id": "952",
            "type": "Distro",
            "cpu": 48
        },
        {
            "ram": 2400,
            "name": "C.240GB-Ubuntu14",
            "minimum_billing": {
                "contains": false
            },
            "type_name": "Ubuntu-14.04",
            "id": "951",
            "type": "Distro",
            "cpu": 64
        },
        {
            "ram": 3600,
            "name": "C.360GB-Ubuntu14",
            "minimum_billing": {
                "contains": false
            },
            "type_name": "Ubuntu-14.04",
            "id": "953",
            "type": "Distro",
            "cpu": 72
        },
        {
            "ram": 4,
            "name": "A.4GB.Ubuntu16.04",
            "minimum_billing": {
                "contains": false
            },
            "type_name": "Ubuntu-16.04",
            "id": "447",
            "type": "Distro",
            "cpu": 2
        },
        {
            "ram": 6,
            "name": "B.6GB.Ubuntu16.04",
            "minimum_billing": {
                "contains": false
            },
            "type_name": "Ubuntu-16.04",
            "id": "296",
            "type": "Distro",
            "cpu": 1
        },
        {
            "ram": 6,
            "name": "B.6.1GB.Ubuntu16.04",
            "minimum_billing": {
                "contains": false
            },
            "type_name": "Ubuntu-16.04",
            "id": "304",
            "type": "Distro",
            "cpu": 2
        },
        {
            "ram": 6,
            "name": "A.6GB.Ubuntu16.04",
            "minimum_billing": {
                "contains": false
            },
            "type_name": "Ubuntu-16.04",
            "id": "448",
            "type": "Distro",
            "cpu": 3
        },
        {
            "ram": 8,
            "name": "B.8GB-Ubuntu16.04",
            "minimum_billing": {
                "contains": false
            },
            "type_name": "Ubuntu-16.04",
            "id": "298",
            "type": "Distro",
            "cpu": 2
        },
        {
            "ram": 9,
            "name": "A.9GB.Ubuntu16.04",
            "minimum_billing": {
                "contains": false
            },
            "type_name": "Ubuntu-16.04",
            "id": "449",
            "type": "Distro",
            "cpu": 5
        },
        {
            "ram": 10,
            "name": "D.10GB-Ubuntu-16.04",
            "minimum_billing": {
                "contains": false
            },
            "type_name": "Ubuntu-16.04",
            "id": "1675",
            "type": "Distro",
            "cpu": 2
        },
        {
            "ram": 10,
            "name": "C.10GB-Ubuntu16.04",
            "minimum_billing": {
                "contains": false
            },
            "type_name": "Ubuntu-16.04",
            "id": "954",
            "type": "Distro",
            "cpu": 4
        },
        {
            "ram": 15,
            "name": "C.15GB-Ubuntu16.04",
            "minimum_billing": {
                "contains": false
            },
            "type_name": "Ubuntu-16.04",
            "id": "955",
            "type": "Distro",
            "cpu": 6
        },
        {
            "ram": 15,
            "name": "B.15GB-Ubuntu16.04",
            "minimum_billing": {
                "contains": false
            },
            "type_name": "Ubuntu-16.04",
            "id": "297",
            "type": "Distro",
            "cpu": 4
        },
        {
            "ram": 19,
            "name": "A.19GB.Ubuntu16.04",
            "minimum_billing": {
                "contains": false
            },
            "type_name": "Ubuntu-16.04",
            "id": "446",
            "type": "Distro",
            "cpu": 7
        },
        {
            "ram": 20,
            "name": "D.20GB-Ubuntu-16.04",
            "minimum_billing": {
                "contains": false
            },
            "type_name": "Ubuntu-16.04",
            "id": "1672",
            "type": "Distro",
            "cpu": 4
        },
        {
            "ram": 27,
            "name": "A.27GB.Ubuntu16.04",
            "minimum_billing": {
                "contains": false
            },
            "type_name": "Ubuntu-16.04",
            "id": "450",
            "type": "Distro",
            "cpu": 9
        },
        {
            "ram": 30,
            "name": "SD8-1.30GB-Ubuntu-16.04",
            "minimum_billing": {
                "contains": false
            },
            "type_name": "Ubuntu-16.04",
            "id": "1842",
            "type": "Distro",
            "cpu": 8
        },
        {
            "ram": 30,
            "name": "M.30GB-Ubuntu-16.04",
            "minimum_billing": {
                "contains": false
            },
            "type_name": "Ubuntu-16.04",
            "id": "2385",
            "type": "Distro",
            "cpu": 4
        },
        {
            "ram": 30,
            "name": "C.30GB-Ubuntu16.04",
            "minimum_billing": {
                "contains": false
            },
            "type_name": "Ubuntu-16.04",
            "id": "956",
            "type": "Distro",
            "cpu": 9
        },
        {
            "ram": 40,
            "name": "D.40GB-Ubuntu-16.04",
            "minimum_billing": {
                "contains": false
            },
            "type_name": "Ubuntu-16.04",
            "id": "1671",
            "type": "Distro",
            "cpu": 6
        },
        {
            "ram": 40,
            "name": "C.40GB-Ubuntu16.04",
            "minimum_billing": {
                "contains": false
            },
            "type_name": "Ubuntu-16.04",
            "id": "957",
            "type": "Distro",
            "cpu": 13
        },
        {
            "ram": 60,
            "name": "SD12-1.60GB-Ubuntu-16.04",
            "minimum_billing": {
                "contains": false
            },
            "type_name": "Ubuntu-16.04",
            "id": "1943",
            "type": "Distro",
            "cpu": 12
        },
        {
            "ram": 60,
            "name": "M.60GB-Ubuntu-16.04",
            "minimum_billing": {
                "contains": false
            },
            "type_name": "Ubuntu-16.04",
            "id": "2309",
            "type": "Distro",
            "cpu": 12
        },
        {
            "ram": 60,
            "name": "D.60GB-Ubuntu-16.04",
            "minimum_billing": {
                "contains": false
            },
            "type_name": "Ubuntu-16.04",
            "id": "1676",
            "type": "Distro",
            "cpu": 8
        },
        {
            "ram": 60,
            "name": "C.60GB-Ubuntu16.04",
            "minimum_billing": {
                "contains": false
            },
            "type_name": "Ubuntu-16.04",
            "id": "958",
            "type": "Distro",
            "cpu": 20
        },
        {
            "ram": 90,
            "name": "M.90GB-Ubuntu-16.04",
            "minimum_billing": {
                "contains": false
            },
            "type_name": "Ubuntu-16.04",
            "id": "2390",
            "type": "Distro",
            "cpu": 15
        },
        {
            "ram": 90,
            "name": "D.90GB-Ubuntu-16.04",
            "minimum_billing": {
                "contains": false
            },
            "type_name": "Ubuntu-16.04",
            "id": "1673",
            "type": "Distro",
            "cpu": 10
        },
        {
            "ram": 90,
            "name": "C.90GB-Ubuntu16.04",
            "minimum_billing": {
                "contains": false
            },
            "type_name": "Ubuntu-16.04",
            "id": "959",
            "type": "Distro",
            "cpu": 27
        },
        {
            "ram": 120,
            "name": "SD12-2.120GB-Ubuntu-16.04",
            "minimum_billing": {
                "contains": false
            },
            "type_name": "Ubuntu-16.04",
            "id": "1844",
            "type": "Distro",
            "cpu": 12
        },
        {
            "ram": 120,
            "name": "M.120GB-Ubuntu-16.04",
            "minimum_billing": {
                "contains": false
            },
            "type_name": "Ubuntu-16.04",
            "id": "2313",
            "type": "Distro",
            "cpu": 18
        },
        {
            "ram": 120,
            "name": "D.120GB-Ubuntu-16.04",
            "minimum_billing": {
                "contains": false
            },
            "type_name": "Ubuntu-16.04",
            "id": "1674",
            "type": "Distro",
            "cpu": 12
        },
        {
            "ram": 120,
            "name": "C.120GB-Ubuntu16.04",
            "minimum_billing": {
                "contains": false
            },
            "type_name": "Ubuntu-16.04",
            "id": "960",
            "type": "Distro",
            "cpu": 36
        },
        {
            "ram": 180,
            "name": "M.180GB-Ubuntu-16.04",
            "minimum_billing": {
                "contains": false
            },
            "type_name": "Ubuntu-16.04",
            "id": "2314",
            "type": "Distro",
            "cpu": 24
        },
        {
            "ram": 180,
            "name": "C.180GB-Ubuntu16.04",
            "minimum_billing": {
                "contains": false
            },
            "type_name": "Ubuntu-16.04",
            "id": "961",
            "type": "Distro",
            "cpu": 48
        },
        {
            "ram": 240,
            "name": "M.240GB-Ubuntu-16.04",
            "minimum_billing": {
                "contains": false
            },
            "type_name": "Ubuntu-16.04",
            "id": "2315",
            "type": "Distro",
            "cpu": 32
        },
        {
            "ram": 4,
            "name": "A.4GB.Ubuntu18.04",
            "minimum_billing": {
                "contains": false
            },
            "type_name": "Ubuntu-18.04",
            "id": "1320",
            "type": "Distro",
            "cpu": 2
        },
        {
            "ram": 6,
            "name": "B.6GB.Ubuntu18.04",
            "minimum_billing": {
                "contains": false
            },
            "type_name": "Ubuntu-18.04",
            "id": "1330",
            "type": "Distro",
            "cpu": 1
        },
        {
            "ram": 6,
            "name": "B.6.1GB.Ubuntu18.04",
            "minimum_billing": {
                "contains": false
            },
            "type_name": "Ubuntu-18.04",
            "id": "1331",
            "type": "Distro",
            "cpu": 2
        },
        {
            "ram": 6,
            "name": "A.6GB.Ubuntu18.04",
            "minimum_billing": {
                "contains": false
            },
            "type_name": "Ubuntu-18.04",
            "id": "1321",
            "type": "Distro",
            "cpu": 3
        },
        {
            "ram": 8,
            "name": "B.8GB-Ubuntu18.04",
            "minimum_billing": {
                "contains": false
            },
            "type_name": "Ubuntu-18.04",
            "id": "1332",
            "type": "Distro",
            "cpu": 2
        },
        {
            "ram": 9,
            "name": "A.9GB.Ubuntu18.04",
            "minimum_billing": {
                "contains": false
            },
            "type_name": "Ubuntu-18.04",
            "id": "1322",
            "type": "Distro",
            "cpu": 5
        },
        {
            "ram": 10,
            "name": "D.10GB-Ubuntu-18.04",
            "minimum_billing": {
                "contains": false
            },
            "type_name": "Ubuntu-18.04",
            "id": "1665",
            "type": "Distro",
            "cpu": 2
        },
        {
            "ram": 10,
            "name": "C.10GB-Ubuntu18.04",
            "minimum_billing": {
                "contains": false
            },
            "type_name": "Ubuntu-18.04",
            "id": "1339",
            "type": "Distro",
            "cpu": 4
        },
        {
            "ram": 15,
            "name": "C.15GB-Ubuntu18.04",
            "minimum_billing": {
                "contains": false
            },
            "type_name": "Ubuntu-18.04",
            "id": "1340",
            "type": "Distro",
            "cpu": 6
        },
        {
            "ram": 15,
            "name": "B.15GB-Ubuntu18.04",
            "minimum_billing": {
                "contains": false
            },
            "type_name": "Ubuntu-18.04",
            "id": "1333",
            "type": "Distro",
            "cpu": 4
        },
        {
            "ram": 19,
            "name": "A.19GB.Ubuntu18.04",
            "minimum_billing": {
                "contains": false
            },
            "type_name": "Ubuntu-18.04",
            "id": "1323",
            "type": "Distro",
            "cpu": 7
        },
        {
            "ram": 20,
            "name": "D.20GB-Ubuntu-18.04",
            "minimum_billing": {
                "contains": false
            },
            "type_name": "Ubuntu-18.04",
            "id": "1668",
            "type": "Distro",
            "cpu": 4
        },
        {
            "ram": 27,
            "name": "A.27GB.Ubuntu18.04",
            "minimum_billing": {
                "contains": false
            },
            "type_name": "Ubuntu-18.04",
            "id": "1324",
            "type": "Distro",
            "cpu": 9
        },
        {
            "ram": 30,
            "name": "SD8-1.30GB-Ubuntu-18.04",
            "minimum_billing": {
                "contains": false
            },
            "type_name": "Ubuntu-18.04",
            "id": "1806",
            "type": "Distro",
            "cpu": 8
        },
        {
            "ram": 30,
            "name": "M.30GB-Ubuntu-18.04",
            "minimum_billing": {
                "contains": false
            },
            "type_name": "Ubuntu-18.04",
            "id": "2384",
            "type": "Distro",
            "cpu": 4
        },
        {
            "ram": 30,
            "name": "C.30GB-Ubuntu18.04",
            "minimum_billing": {
                "contains": false
            },
            "type_name": "Ubuntu-18.04",
            "id": "1341",
            "type": "Distro",
            "cpu": 9
        },
        {
            "ram": 40,
            "name": "D.40GB-Ubuntu-18.04",
            "minimum_billing": {
                "contains": false
            },
            "type_name": "Ubuntu-18.04",
            "id": "1669",
            "type": "Distro",
            "cpu": 6
        },
        {
            "ram": 40,
            "name": "C.40GB-Ubuntu18.04",
            "minimum_billing": {
                "contains": false
            },
            "type_name": "Ubuntu-18.04",
            "id": "1342",
            "type": "Distro",
            "cpu": 13
        },
        {
            "ram": 60,
            "name": "SD12-1.60GB-Ubuntu-18.04",
            "minimum_billing": {
                "contains": false
            },
            "type_name": "Ubuntu-18.04",
            "id": "1944",
            "type": "Distro",
            "cpu": 12
        },
        {
            "ram": 60,
            "name": "M.60GB-Ubuntu-18.04",
            "minimum_billing": {
                "contains": false
            },
            "type_name": "Ubuntu-18.04",
            "id": "2305",
            "type": "Distro",
            "cpu": 12
        },
        {
            "ram": 60,
            "name": "D.60GB-Ubuntu-18.04",
            "minimum_billing": {
                "contains": false
            },
            "type_name": "Ubuntu-18.04",
            "id": "1670",
            "type": "Distro",
            "cpu": 8
        },
        {
            "ram": 60,
            "name": "C.60GB-Ubuntu18.04",
            "minimum_billing": {
                "contains": false
            },
            "type_name": "Ubuntu-18.04",
            "id": "1343",
            "type": "Distro",
            "cpu": 20
        },
        {
            "ram": 90,
            "name": "M.90GB-Ubuntu-18.04",
            "minimum_billing": {
                "contains": false
            },
            "type_name": "Ubuntu-18.04",
            "id": "2389",
            "type": "Distro",
            "cpu": 15
        },
        {
            "ram": 90,
            "name": "D.90GB-Ubuntu-18.04",
            "minimum_billing": {
                "contains": false
            },
            "type_name": "Ubuntu-18.04",
            "id": "1667",
            "type": "Distro",
            "cpu": 10
        },
        {
            "ram": 90,
            "name": "C.90GB-Ubuntu18.04",
            "minimum_billing": {
                "contains": false
            },
            "type_name": "Ubuntu-18.04",
            "id": "1344",
            "type": "Distro",
            "cpu": 27
        },
        {
            "ram": 120,
            "name": "SD12-2.120GB-Ubuntu-18.04",
            "minimum_billing": {
                "contains": false
            },
            "type_name": "Ubuntu-18.04",
            "id": "1808",
            "type": "Distro",
            "cpu": 12
        },
        {
            "ram": 120,
            "name": "M.120GB-Ubuntu-18.04",
            "minimum_billing": {
                "contains": false
            },
            "type_name": "Ubuntu-18.04",
            "id": "2306",
            "type": "Distro",
            "cpu": 18
        },
        {
            "ram": 120,
            "name": "D.120GB-Ubuntu-18.04",
            "minimum_billing": {
                "contains": false
            },
            "type_name": "Ubuntu-18.04",
            "id": "1666",
            "type": "Distro",
            "cpu": 12
        },
        {
            "ram": 120,
            "name": "C.120GB-Ubuntu18.04",
            "minimum_billing": {
                "contains": false
            },
            "type_name": "Ubuntu-18.04",
            "id": "1345",
            "type": "Distro",
            "cpu": 36
        },
        {
            "ram": 180,
            "name": "M.180GB-Ubuntu-18.04",
            "minimum_billing": {
                "contains": false
            },
            "type_name": "Ubuntu-18.04",
            "id": "2307",
            "type": "Distro",
            "cpu": 24
        },
        {
            "ram": 180,
            "name": "C.180GB-Ubuntu18.04",
            "minimum_billing": {
                "contains": false
            },
            "type_name": "Ubuntu-18.04",
            "id": "1346",
            "type": "Distro",
            "cpu": 48
        },
        {
            "ram": 240,
            "name": "M.240GB-Ubuntu-18.04",
            "minimum_billing": {
                "contains": false
            },
            "type_name": "Ubuntu-18.04",
            "id": "2308",
            "type": "Distro",
            "cpu": 32
        },
        {
            "ram": 240,
            "name": "C.240GB-Ubuntu18.04",
            "minimum_billing": {
                "contains": false
            },
            "type_name": "Ubuntu-18.04",
            "id": "1347",
            "type": "Distro",
            "cpu": 64
        },
        {
            "ram": 360,
            "name": "C.360GB-Ubuntu18.04",
            "minimum_billing": {
                "contains": false
            },
            "type_name": "Ubuntu-18.04",
            "id": "1348",
            "type": "Distro",
            "cpu": 72
        },
        {
            "ram": 8,
            "name": "Windows-2016",
            "minimum_billing": {
                "contains": false
            },
            "type_name": "Windows-2016",
            "id": "182",
            "type": "Distro",
            "cpu": 2
        },
        {
            "ram": 8,
            "name": "AW.8GB-Windows_Server_2016_STD",
            "minimum_billing": {
                "contains": false
            },
            "type_name": "Windows-2016",
            "id": "408",
            "type": "Distro",
            "cpu": 1
        },
        {
            "ram": 15,
            "name": "sdfghjklkjhgfdfghjklkjhgffghjklAW.188GB-Windows_Server_2016_STD",
            "minimum_billing": {
                "contains": false
            },
            "type_name": "Windows-2016",
            "id": "440",
            "type": "Distro",
            "cpu": 2
        },
        {
            "ram": 15,
            "name": "Copy of Copy of AW.15GB-Windows_Server_2016_STD",
            "minimum_billing": {
                "contains": false
            },
            "type_name": "Windows-2016",
            "id": "441",
            "type": "Distro",
            "cpu": 2
        },
        {
            "ram": 15,
            "name": "AW.195GB-snkcjnshisjdihWindows_Server_2016_STD",
            "minimum_billing": {
                "contains": false
            },
            "type_name": "Windows-2016",
            "id": "444",
            "type": "Distro",
            "cpu": 2
        },
        {
            "ram": 15,
            "name": "AW.15GB-Windows_Server_2016_STD",
            "minimum_billing": {
                "contains": false
            },
            "type_name": "Windows-2016",
            "id": "409",
            "type": "Distro",
            "cpu": 2
        },
        {
            "ram": 15,
            "name": "AW.150GB-Windows_Server_2016_STD",
            "minimum_billing": {
                "contains": false
            },
            "type_name": "Windows-2016",
            "id": "443",
            "type": "Distro",
            "cpu": 2
        },
        {
            "ram": 15,
            "name": "AW.100GB-Windows_Server_2016_STD",
            "minimum_billing": {
                "contains": false
            },
            "type_name": "Windows-2016",
            "id": "442",
            "type": "Distro",
            "cpu": 2
        }
    ]
}