{
    "status": true,
    "message": "Fetched template list",
    "data": [
      {
        "ram": 8,
        "name": "Windows-2016",
        "minimum_billing": {
          "contains": false
        },
        "type_name": "Windows-2016",
        "id": "182",
        "type": "Distro",
        "cpu": 2
      },
      {
        "ram": 8,
        "name": "AW.8GB-Windows_Server_2016_STD",
        "minimum_billing": {
          "contains": false
        },
        "type_name": "Windows-2016",
        "id": "408",
        "type": "Distro",
        "cpu": 1
      },
      {
        "ram": 15,
        "name": "sdfghjklkjhgfdfghjklkjhgffghjklAW.188GB-Windows_Server_2016_STD",
        "minimum_billing": {
          "contains": false
        },
        "type_name": "Windows-2016",
        "id": "440",
        "type": "Distro",
        "cpu": 2
      },
      {
        "ram": 15,
        "name": "Copy of Copy of AW.15GB-Windows_Server_2016_STD",
        "minimum_billing": {
          "contains": false
        },
        "type_name": "Windows-2016",
        "id": "441",
        "type": "Distro",
        "cpu": 2
      },
      {
        "ram": 15,
        "name": "AW.195GB-snkcjnshisjdihWindows_Server_2016_STD",
        "minimum_billing": {
          "contains": false
        },
        "type_name": "Windows-2016",
        "id": "444",
        "type": "Distro",
        "cpu": 2
      },
      {
        "ram": 15,
        "name": "AW.15GB-Windows_Server_2016_STD",
        "minimum_billing": {
          "contains": false
        },
        "type_name": "Windows-2016",
        "id": "409",
        "type": "Distro",
        "cpu": 2
      },
      {
        "ram": 15,
        "name": "AW.150GB-Windows_Server_2016_STD",
        "minimum_billing": {
          "contains": false
        },
        "type_name": "Windows-2016",
        "id": "443",
        "type": "Distro",
        "cpu": 2
      },
      {
        "ram": 15,
        "name": "AW.100GB-Windows_Server_2016_STD",
        "minimum_billing": {
          "contains": false
        },
        "type_name": "Windows-2016",
        "id": "442",
        "type": "Distro",
        "cpu": 2
      }
    ]
  }